<ImportExportXml xmlns:xsi="http://www.w3.org/2001/XMLSchema-instance">
  <Entities></Entities>
  <Roles></Roles>
  <Workflows>
    <Workflow WorkflowId="{13c15cdb-567b-ed11-81ac-6045bd2030c8}" Name="판촉물 신청 처리">
      <JsonFileName>/Workflows/-13C15CDB-567B-ED11-81AC-6045BD2030C8.json</JsonFileName>
      <Type>1</Type>
      <Subprocess>0</Subprocess>
      <Category>5</Category>
      <Mode>0</Mode>
      <Scope>4</Scope>
      <OnDemand>0</OnDemand>
      <TriggerOnCreate>0</TriggerOnCreate>
      <TriggerOnDelete>0</TriggerOnDelete>
      <AsyncAutodelete>0</AsyncAutodelete>
      <SyncWorkflowLogOnFailure>0</SyncWorkflowLogOnFailure>
      <StateCode>1</StateCode>
      <StatusCode>2</StatusCode>
      <RunAs>1</RunAs>
      <IsTransacted>1</IsTransacted>
      <IntroducedVersion>1.0.0.0</IntroducedVersion>
      <IsCustomizable>1</IsCustomizable>
      <BusinessProcessType>0</BusinessProcessType>
      <IsCustomProcessingStepAllowedForOtherPublishers>1</IsCustomProcessingStepAllowedForOtherPublishers>
      <PrimaryEntity>none</PrimaryEntity>
      <LocalizedNames>
        <LocalizedName languagecode="1042" description="판촉물 신청 처리" />
      </LocalizedNames>
    </Workflow>
  </Workflows>
  <FieldSecurityProfiles></FieldSecurityProfiles>
  <Templates />
  <EntityMaps />
  <EntityRelationships />
  <OrganizationSettings />
  <optionsets />
  <CustomControls />
  <EntityDataProviders />
  <CanvasApps>
    <CanvasApp>
      <Name>sp__a0b6e</Name>
      <AppVersion>2022-12-14T02:37:42Z</AppVersion>
      <Status>Ready</Status>
      <CreatedByClientVersion>3.22121.17.0</CreatedByClientVersion>
      <MinClientVersion>3.22121.17.0</MinClientVersion>
      <Tags>{"primaryDeviceWidth":"1366","primaryDeviceHeight":"768","supportsPortrait":"true","supportsLandscape":"true","primaryFormFactor":"Tablet","publisherVersion":"3.22121.17","minimumRequiredApiVersion":"2.2.0","hasComponent":"false","hasUnlockedComponent":"false","isUnifiedRootApp":"false","sienaVersion":"20220916T063355Z-3.22091.11.0"}</Tags>
      <IsCdsUpgraded>0</IsCdsUpgraded>
      <GalleryItemId xsi:nil="true"></GalleryItemId>
      <BackgroundColor>RGBA(0,176,240,1)</BackgroundColor>
      <DisplayName>판촉물 신청</DisplayName>
      <Description xsi:nil="true"></Description>
      <CommitMessage xsi:nil="true"></CommitMessage>
      <Publisher xsi:nil="true"></Publisher>
      <AuthorizationReferences>[]</AuthorizationReferences>
      <ConnectionReferences>{"cc4bb090-ad0d-4b47-b69d-08ae7603e0c0":{"id":"/providers/microsoft.powerapps/apis/shared_logicflows","displayName":"논리 흐름","iconUri":"https://connectoricons-prod.azureedge.net/releases/v1.0.1534/1.0.1534.2605/logicflows/icon.png","dataSources":["판촉물신청처리"],"dependencies":["3b0502ba-6e93-4cc1-8349-beb90d539844","3ba6d84a-5abf-4fe8-94ff-6926b316b129"],"dependents":[],"parameterHints":{"workflowName":{"value":"b3c919df-0e2b-416d-8dad-cd81cca4b4d8"},"workflowEntityId":{"value":"13c15cdb-567b-ed11-81ac-6045bd2030c8"},"3b0502ba-6e93-4cc1-8349-beb90d539844":{"value":"shared_sharepointonline_1"},"3ba6d84a-5abf-4fe8-94ff-6926b316b129":{"value":"shared_office365_1"}},"parameterHintsV2":{"workflowName":{"value":"b3c919df-0e2b-416d-8dad-cd81cca4b4d8"},"workflowEntityId":{"value":"13c15cdb-567b-ed11-81ac-6045bd2030c8"},"shared_sharepointonline_1":{"value":"3b0502ba-6e93-4cc1-8349-beb90d539844"},"shared_office365_1":{"value":"3ba6d84a-5abf-4fe8-94ff-6926b316b129"}},"isOnPremiseConnection":false,"bypassConsent":false,"dataSets":{},"apiTier":"Standard","actions":["Run"]},"3b0502ba-6e93-4cc1-8349-beb90d539844":{"id":"/providers/microsoft.powerapps/apis/shared_sharepointonline","displayName":"SharePoint","iconUri":"https://connectoricons-prod.azureedge.net/u/juanq/gateway/greyhound/3000.150.11/1.0.1613.3116/sharepointonline/icon.png","dataSources":[],"dependencies":[],"dependents":["cc4bb090-ad0d-4b47-b69d-08ae7603e0c0"],"parameterHints":{},"parameterHintsV2":{},"isOnPremiseConnection":false,"bypassConsent":false,"dataSets":{},"apiTier":"Standard","actions":["providers/PowerPlatform.Governance/Operations/Read"]},"3ba6d84a-5abf-4fe8-94ff-6926b316b129":{"id":"/providers/microsoft.powerapps/apis/shared_office365","displayName":"Office 365 Outlook","iconUri":"https://connectoricons-prod.azureedge.net/releases/v1.0.1613/1.0.1613.3125/office365/icon.png","dataSources":[],"dependencies":[],"dependents":["cc4bb090-ad0d-4b47-b69d-08ae7603e0c0"],"parameterHints":{},"parameterHintsV2":{},"isOnPremiseConnection":false,"bypassConsent":false,"dataSets":{},"apiTier":"Standard"},"b170ea83-5127-4706-ab47-6ab103524ebd":{"id":"/providers/microsoft.powerapps/apis/shared_sharepointonline","displayName":"SharePoint","iconUri":"https://connectoricons-prod.azureedge.net/u/juanq/gateway/greyhound/3000.150.11/1.0.1613.3116/sharepointonline/icon.png","dataSources":["판촉물 재고 현황"],"dependencies":[],"dependents":[],"parameterHints":{},"parameterHintsV2":{},"isOnPremiseConnection":false,"bypassConsent":false,"dataSets":{"https://solidperformer-my.sharepoint.com/personal/onyu_kim_solidperformer_onmicrosoft_com":{"dataSources":{"판촉물 재고 현황":{"tableName":"04c99419-f42d-4ad7-907c-b42ac509fe60"}}}},"apiTier":"Standard","actions":["providers/PowerPlatform.Governance/Operations/Read"]}}</ConnectionReferences>
      <DatabaseReferences>{}</DatabaseReferences>
      <AppComponents>[]</AppComponents>
      <AppComponentDependencies>[]</AppComponentDependencies>
      <CanConsumeAppPass>1</CanConsumeAppPass>
      <CanvasAppType>0</CanvasAppType>
      <BypassConsent>0</BypassConsent>
      <AdminControlBypassConsent>0</AdminControlBypassConsent>
      <EmbeddedApp xsi:nil="true"></EmbeddedApp>
      <IntroducedVersion>1.0</IntroducedVersion>
      <CdsDependencies>{"cdsdependencies":[]}</CdsDependencies>
      <IsCustomizable>1</IsCustomizable>
      <BackgroundImageUri>/CanvasApps/sp__a0b6e_BackgroundImageUri</BackgroundImageUri>
      <DocumentUri>/CanvasApps/sp__a0b6e_DocumentUri.msapp</DocumentUri>
    </CanvasApp>
  </CanvasApps>
  <connectionreferences>
    <connectionreference connectionreferencelogicalname="sp_sharedoffice365_ef2ad">
      <connectionreferencedisplayname>Office 365 Outlook Chapter08-ef2ad</connectionreferencedisplayname>
      <connectorid>/providers/Microsoft.PowerApps/apis/shared_office365</connectorid>
      <iscustomizable>1</iscustomizable>
      <statecode>0</statecode>
      <statuscode>1</statuscode>
    </connectionreference>
    <connectionreference connectionreferencelogicalname="sp_sharedsharepointonline_c89d0">
      <connectionreferencedisplayname>SharePoint Chapter08-c89d0</connectionreferencedisplayname>
      <connectorid>/providers/Microsoft.PowerApps/apis/shared_sharepointonline</connectorid>
      <iscustomizable>1</iscustomizable>
      <statecode>0</statecode>
      <statuscode>1</statuscode>
    </connectionreference>
  </connectionreferences>
  <Languages>
    <Language>1042</Language>
  </Languages>
</ImportExportXml>