{
  "properties": {
    "connectionReferences": {
      "shared_sharepointonline_1": {
        "runtimeSource": "invoker",
        "connection": {
          "connectionReferenceLogicalName": "sp_sharedsharepointonline_c89d0"
        },
        "api": {
          "name": "shared_sharepointonline"
        }
      },
      "shared_office365_1": {
        "runtimeSource": "invoker",
        "connection": {
          "connectionReferenceLogicalName": "sp_sharedoffice365_ef2ad"
        },
        "api": {
          "name": "shared_office365"
        }
      }
    },
    "definition": {
      "$schema": "https://schema.management.azure.com/providers/Microsoft.Logic/schemas/2016-06-01/workflowdefinition.json#",
      "contentVersion": "1.0.0.0",
      "parameters": {
        "$connections": {
          "defaultValue": {},
          "type": "Object"
        },
        "$authentication": {
          "defaultValue": {},
          "type": "SecureObject"
        }
      },
      "triggers": {
        "manual": {
          "metadata": {
            "operationMetadataId": "0fdda371-ddaa-4fcd-bfb2-67dc88015335"
          },
          "type": "Request",
          "kind": "PowerAppV2",
          "inputs": {
            "schema": {
              "type": "object",
              "properties": {
                "text": {
                  "title": "id",
                  "type": "string",
                  "x-ms-dynamically-added": true,
                  "description": "판촉물 ID",
                  "x-ms-content-hint": "TEXT"
                },
                "text_1": {
                  "title": "name",
                  "type": "string",
                  "x-ms-dynamically-added": true,
                  "description": "판촉물 이름",
                  "x-ms-content-hint": "TEXT"
                },
                "text_2": {
                  "title": "quantity",
                  "type": "string",
                  "x-ms-dynamically-added": true,
                  "description": "신청 수량",
                  "x-ms-content-hint": "TEXT"
                },
                "text_3": {
                  "title": "requestor",
                  "type": "string",
                  "x-ms-dynamically-added": true,
                  "description": "신청자 이메일",
                  "x-ms-content-hint": "TEXT"
                }
              },
              "required": [
                "text",
                "text_1",
                "text_2",
                "text_3"
              ]
            }
          }
        }
      },
      "actions": {
        "판촉물_확인": {
          "runAfter": {},
          "metadata": {
            "operationMetadataId": "5d6fceb6-c51a-4d48-ab6e-801aab55f82a"
          },
          "type": "OpenApiConnection",
          "inputs": {
            "host": {
              "connectionName": "shared_sharepointonline_1",
              "operationId": "GetItem",
              "apiId": "/providers/Microsoft.PowerApps/apis/shared_sharepointonline"
            },
            "parameters": {
              "dataset": "https://solidperformer-my.sharepoint.com/personal/onyu_kim_solidperformer_onmicrosoft_com",
              "table": "04c99419-f42d-4ad7-907c-b42ac509fe60",
              "id": "@triggerBody()['text']"
            },
            "authentication": "@parameters('$authentication')"
          }
        },
        "판촉물_최대_신청_수량_검사": {
          "actions": {
            "판촉물_신청_접수_반려": {
              "runAfter": {},
              "metadata": {
                "operationMetadataId": "fde72e2d-9b4e-4d15-a067-d431920cd9bf"
              },
              "type": "Response",
              "kind": "Http",
              "inputs": {
                "statusCode": 200,
                "body": {
                  "statusCode": 400,
                  "message": "판촉물 신청 허용 수량을 초과했습니다. 신청을 반려했습니다."
                },
                "schema": {
                  "type": "object",
                  "properties": {
                    "statusCode": {
                      "type": "integer"
                    },
                    "message": {
                      "type": "string"
                    }
                  }
                }
              }
            },
            "종료": {
              "runAfter": {
                "판촉물_신청_접수_반려": [
                  "Succeeded"
                ]
              },
              "metadata": {
                "operationMetadataId": "d5112a9c-8b2b-46d1-8ab8-3d62d8e0ae98"
              },
              "type": "Terminate",
              "inputs": {
                "runStatus": "Cancelled"
              }
            }
          },
          "runAfter": {
            "판촉물_확인": [
              "Succeeded"
            ]
          },
          "else": {
            "actions": {
              "판촉물_신청_접수_확인": {
                "runAfter": {},
                "metadata": {
                  "operationMetadataId": "fde72e2d-9b4e-4d15-a067-d431920cd9bf"
                },
                "type": "Response",
                "kind": "Http",
                "inputs": {
                  "statusCode": 200,
                  "body": {
                    "statusCode": 202,
                    "message": "판촉물 신청을 접수했습니다. 처리 결과를 곧 이메일로 보내드립니다."
                  },
                  "schema": {
                    "type": "object",
                    "properties": {
                      "statusCode": {
                        "type": "integer"
                      },
                      "message": {
                        "type": "string"
                      }
                    }
                  }
                }
              }
            }
          },
          "expression": {
            "greater": [
              "@int(triggerBody()['text_2'])",
              "@int(outputs('판촉물_확인')?['body/field_4'])"
            ]
          },
          "metadata": {
            "operationMetadataId": "f01c62a8-e481-4ed7-87b3-69cbeb3214d6"
          },
          "type": "If"
        },
        "판촉물_승인_여부_검사": {
          "actions": {
            "부서장에게_승인_요청_메일_보내기": {
              "runAfter": {},
              "metadata": {
                "operationMetadataId": "197336a0-f7d1-4f06-9a58-412bbceaf894"
              },
              "type": "OpenApiConnectionWebhook",
              "inputs": {
                "host": {
                  "connectionName": "shared_office365_1",
                  "operationId": "SendMailWithOptions",
                  "apiId": "/providers/Microsoft.PowerApps/apis/shared_office365"
                },
                "parameters": {
                  "optionsEmailSubscription/Message/To": "manager@solidperformer.onmicrosoft.com",
                  "optionsEmailSubscription/Message/Subject": "판촉물 승인 요청 - @{outputs('판촉물_확인')?['body/field_1']}",
                  "optionsEmailSubscription/Message/Options": "승인, 반려",
                  "optionsEmailSubscription/Message/Importance": "Normal",
                  "optionsEmailSubscription/Message/HideHTMLMessage": false,
                  "optionsEmailSubscription/Message/ShowHTMLConfirmationDialog": false
                },
                "authentication": "@parameters('$authentication')"
              }
            },
            "변수_설정": {
              "runAfter": {
                "부서장에게_승인_요청_메일_보내기": [
                  "Succeeded"
                ]
              },
              "metadata": {
                "operationMetadataId": "5667340a-81c6-4090-b225-c2e13c43b417"
              },
              "type": "SetVariable",
              "inputs": {
                "name": "IsApproved",
                "value": "@outputs('부서장에게_승인_요청_메일_보내기')?['body/SelectedOption']"
              }
            }
          },
          "runAfter": {
            "판촉물_승인_여부": [
              "Succeeded"
            ]
          },
          "expression": {
            "equals": [
              "@outputs('판촉물_확인')?['body/field_3']",
              "Yes"
            ]
          },
          "metadata": {
            "operationMetadataId": "7ab00522-7761-4532-8e1e-58275428c32d"
          },
          "type": "If"
        },
        "판촉물_승인_여부": {
          "runAfter": {
            "판촉물_최대_신청_수량_검사": [
              "Succeeded"
            ]
          },
          "metadata": {
            "operationMetadataId": "86645fd4-74d0-4d7a-bb68-a857e28a6ef1"
          },
          "type": "InitializeVariable",
          "inputs": {
            "variables": [
              {
                "name": "IsApproved",
                "type": "string",
                "value": "승인"
              }
            ]
          }
        },
        "부서장_승인_여부_확인": {
          "actions": {},
          "runAfter": {
            "판촉물_승인_여부_검사": [
              "Succeeded"
            ]
          },
          "else": {
            "actions": {
              "판촉물_신청_거절_이메일": {
                "runAfter": {},
                "metadata": {
                  "operationMetadataId": "50642bd5-c276-4707-bdbc-c40206b614fd"
                },
                "type": "OpenApiConnection",
                "inputs": {
                  "host": {
                    "connectionName": "shared_office365_1",
                    "operationId": "SendEmailV2",
                    "apiId": "/providers/Microsoft.PowerApps/apis/shared_office365"
                  },
                  "parameters": {
                    "emailMessage/To": "@triggerBody()['text_3']",
                    "emailMessage/Subject": "판촉물 신청 승인이 나지 않았습니다 - @{outputs('판촉물_확인')?['body/field_1']}",
                    "emailMessage/Body": "<p>선택하신 판촉물 @{outputs('판촉물_확인')?['body/field_1']}에 대한 신청 승인이 나지 않았습니다. 다른 판촉물로 다시 신청해 보세요.</p>",
                    "emailMessage/Importance": "Normal"
                  },
                  "authentication": "@parameters('$authentication')"
                }
              },
              "판촉물_신청_승인_거절": {
                "runAfter": {
                  "판촉물_신청_거절_이메일": [
                    "Succeeded"
                  ]
                },
                "metadata": {
                  "operationMetadataId": "e7c1c2f9-6cdf-4b8b-a1fb-167c29d35705"
                },
                "type": "Terminate",
                "inputs": {
                  "runStatus": "Cancelled"
                }
              }
            }
          },
          "expression": {
            "equals": [
              "@variables('IsApproved')",
              "승인"
            ]
          },
          "metadata": {
            "operationMetadataId": "08cb222a-1ec3-400e-a84d-c2ded4fbf6c2"
          },
          "type": "If"
        },
        "배송_담당자에게_이메일": {
          "runAfter": {
            "부서장_승인_여부_확인": [
              "Succeeded"
            ]
          },
          "metadata": {
            "operationMetadataId": "44358623-810f-4374-b3e5-18245b49b4e2"
          },
          "type": "OpenApiConnection",
          "inputs": {
            "host": {
              "connectionName": "shared_office365_1",
              "operationId": "SendEmailV2",
              "apiId": "/providers/Microsoft.PowerApps/apis/shared_office365"
            },
            "parameters": {
              "emailMessage/To": "agent@solidperformer.onmicrosoft.com",
              "emailMessage/Subject": "판촉물 @{outputs('판촉물_확인')?['body/field_1']} 배송 요청",
              "emailMessage/Body": "<p>* 이름: @{outputs('판촉물_확인')?['body/field_1']}<br>\n* 수량: @{triggerBody()['text_2']}<br>\n* 수령인: @{triggerBody()['text_3']}</p>",
              "emailMessage/Importance": "Normal"
            },
            "authentication": "@parameters('$authentication')"
          }
        },
        "판촉물_수량_업데이트": {
          "runAfter": {
            "배송_담당자에게_이메일": [
              "Succeeded"
            ]
          },
          "metadata": {
            "operationMetadataId": "969425d4-e8e8-4446-9302-d0c9fdfa1dd0"
          },
          "type": "OpenApiConnection",
          "inputs": {
            "host": {
              "connectionName": "shared_sharepointonline_1",
              "operationId": "PatchItem",
              "apiId": "/providers/Microsoft.PowerApps/apis/shared_sharepointonline"
            },
            "parameters": {
              "dataset": "https://solidperformer-my.sharepoint.com/personal/onyu_kim_solidperformer_onmicrosoft_com",
              "table": "04c99419-f42d-4ad7-907c-b42ac509fe60",
              "id": "@outputs('판촉물_확인')?['body/ID']",
              "item/field_2": "@sub(int(outputs('판촉물_확인')?['body/field_2']), int(triggerBody()['text_2']))",
              "item/DateUpdated": "@utcNow()"
            },
            "authentication": "@parameters('$authentication')"
          }
        },
        "판촉물_신청_처리중_이메일": {
          "runAfter": {
            "판촉물_수량_업데이트": [
              "Succeeded"
            ]
          },
          "metadata": {
            "operationMetadataId": "5558d261-c8cc-4b58-ac94-17380d2c8b99"
          },
          "type": "OpenApiConnection",
          "inputs": {
            "host": {
              "connectionName": "shared_office365_1",
              "operationId": "SendEmailV2",
              "apiId": "/providers/Microsoft.PowerApps/apis/shared_office365"
            },
            "parameters": {
              "emailMessage/To": "@triggerBody()['text_3']",
              "emailMessage/Subject": "판촉물 @{outputs('판촉물_확인')?['body/field_1']} 신청이 승인되었습니다",
              "emailMessage/Body": "<p>판촉물 @{outputs('판촉물_확인')?['body/field_1']} 신청이 승인되었습니다. 배송 기간은 약 2-3일입니다.</p>",
              "emailMessage/Importance": "Normal"
            },
            "authentication": "@parameters('$authentication')"
          }
        }
      }
    },
    "templateName": ""
  },
  "schemaVersion": "1.0.0.0"
}