{
  "properties": {
    "connectionReferences": {
      "shared_sharepointonline_1": {
        "runtimeSource": "embedded",
        "connection": {
          "connectionReferenceLogicalName": "new_sharedsharepointonline_f801c"
        },
        "api": {
          "name": "shared_sharepointonline"
        }
      },
      "shared_office365_1": {
        "runtimeSource": "embedded",
        "connection": {
          "connectionReferenceLogicalName": "new_sharedoffice365_a2867"
        },
        "api": {
          "name": "shared_office365"
        }
      },
      "shared_sp-5fnhn-20cloud-20messages-5fe19dc72affb3d4d7": {
        "runtimeSource": "embedded",
        "connection": {
          "connectionReferenceLogicalName": "sp_sharedsp5fnhn20cloud20messages5fe19dc72affb3d4d7_8e055"
        },
        "api": {
          "name": "shared_sp-5fnhn-20cloud-20messages-5fe19dc72affb3d4d7",
          "logicalName": "sp_nhn-20cloud-20messages"
        }
      }
    },
    "definition": {
      "$schema": "https://schema.management.azure.com/providers/Microsoft.Logic/schemas/2016-06-01/workflowdefinition.json#",
      "contentVersion": "1.0.0.0",
      "parameters": {
        "$connections": {
          "defaultValue": {},
          "type": "Object"
        },
        "$authentication": {
          "defaultValue": {},
          "type": "SecureObject"
        }
      },
      "triggers": {
        "manual": {
          "metadata": {
            "operationMetadataId": "d8448227-c83f-4e22-9752-3f1009ad8376"
          },
          "type": "Request",
          "kind": "Button",
          "inputs": {
            "schema": {
              "type": "object",
              "properties": {},
              "required": []
            }
          }
        }
      },
      "actions": {
        "학부모_명단_가져오기": {
          "runAfter": {},
          "metadata": {
            "operationMetadataId": "b2a7fc61-8911-4b37-801c-85a88b40dd6d"
          },
          "type": "OpenApiConnection",
          "inputs": {
            "host": {
              "connectionName": "shared_sharepointonline_1",
              "operationId": "GetItems",
              "apiId": "/providers/Microsoft.PowerApps/apis/shared_sharepointonline"
            },
            "parameters": {
              "dataset": "https://solidperformer-my.sharepoint.com/personal/yunseo_ha_solidperformer_onmicrosoft_com/",
              "table": "0a60d5f5-a78d-483c-bbe7-c446561bf119"
            },
            "authentication": {
              "type": "Raw",
              "value": "@json(decodeBase64(triggerOutputs().headers['X-MS-APIM-Tokens']))['$ConnectionKey']"
            }
          }
        },
        "각_학부모_명단_루프": {
          "foreach": "@outputs('학부모_명단_가져오기')?['body/value']",
          "actions": {
            "가정_통신문_이메일_보내기": {
              "runAfter": {},
              "metadata": {
                "operationMetadataId": "43be82a0-127a-40ef-892d-db1f5c155627"
              },
              "type": "OpenApiConnection",
              "inputs": {
                "host": {
                  "connectionName": "shared_office365_1",
                  "operationId": "SendEmailV2",
                  "apiId": "/providers/Microsoft.PowerApps/apis/shared_office365"
                },
                "parameters": {
                  "emailMessage/To": "@items('각_학부모_명단_루프')?['field_2']",
                  "emailMessage/Subject": "한빛고등학교 2학년 입시설명회 개최",
                  "emailMessage/Body": "<p>안녕하세요, @{items('각_학부모_명단_루프')?['field_1']}님.</p>\n<p>&nbsp;</p>\n<p>한빛고등학교 2학년 학생들을 대상으로 입시설명회를 개최하고자 합니다. 자세한 내용은 자녀분을 통해 동봉한 안내 편지를 참고하시기 바랍니다.</p>\n<p>&nbsp;</p>\n<ul>\n  <li>일시: 2022년 0월 0일, 져녁 7시</li>\n  <li>장소: 한빛고등학교 대강당</li>\n  <li>문의: 한빛고등학교 2학년 교무부장 하윤서 선생님 (02-1234-5678)</li>\n</ul>\n<p>&nbsp;</p>\n<p>참석 여부는 2022년 0월 0일 까지 아래 링크를 통해 회신 부탁 드리겠습니다.<br>\n👉 <a href=\"https://aka.ms/pp/pta\">https://aka.ms/pp/pta</a></p>\n<p>&nbsp;</p>\n<p>감사합니다.</p>\n<p>&nbsp;</p>\n<p>한빛고등학교</p>",
                  "emailMessage/Importance": "Normal"
                },
                "authentication": {
                  "type": "Raw",
                  "value": "@json(decodeBase64(triggerOutputs().headers['X-MS-APIM-Tokens']))['$ConnectionKey']"
                }
              }
            },
            "가정_통신문_문자메시지_보내기": {
              "runAfter": {
                "발신자_번호_선택": [
                  "Succeeded"
                ]
              },
              "metadata": {
                "operationMetadataId": "767ec743-e095-4f39-bfdf-c7e6838f9aea"
              },
              "type": "OpenApiConnection",
              "inputs": {
                "host": {
                  "connectionName": "shared_sp-5fnhn-20cloud-20messages-5fe19dc72affb3d4d7",
                  "operationId": "SMS-Send",
                  "apiId": "/providers/Microsoft.PowerApps/apis/shared_sp-5fnhn-20cloud-20messages-5fe19dc72affb3d4d7"
                },
                "parameters": {
                  "sendMessagesRequestBody/body": "한빛고등학교 2학년 입시설명회를 개최합니다. 참석 여부를 알려주세요 https://aka.ms/pp/pta",
                  "sendMessagesRequestBody/recipientList": [
                    {
                      "recipientNo": "@items('각_학부모_명단_루프')?['field_3']"
                    }
                  ],
                  "sendMessagesRequestBody/sendNo": "@outputs('발신자_번호_선택')"
                },
                "authentication": {
                  "type": "Raw",
                  "value": "@json(decodeBase64(triggerOutputs().headers['X-MS-APIM-Tokens']))['$ConnectionKey']"
                }
              }
            },
            "발신자_번호_선택": {
              "runAfter": {
                "가정_통신문_이메일_보내기": [
                  "Succeeded"
                ]
              },
              "metadata": {
                "operationMetadataId": "d3f705de-0878-4412-b6e3-8c4712f1a143"
              },
              "type": "Compose",
              "inputs": "01012345678"
            }
          },
          "runAfter": {
            "학부모_명단_가져오기": [
              "Succeeded"
            ]
          },
          "metadata": {
            "operationMetadataId": "e0e31eb3-90df-4bfd-83c0-87e1eae0db27"
          },
          "type": "Foreach"
        }
      }
    },
    "templateName": ""
  },
  "schemaVersion": "1.0.0.0"
}