{
  "properties": {
    "connectionReferences": {
      "shared_microsoftforms_1": {
        "runtimeSource": "embedded",
        "connection": {
          "connectionReferenceLogicalName": "new_sharedmicrosoftforms_26f0b"
        },
        "api": {
          "name": "shared_microsoftforms"
        }
      },
      "shared_sharepointonline_1": {
        "runtimeSource": "embedded",
        "connection": {
          "connectionReferenceLogicalName": "new_sharedsharepointonline_f801c"
        },
        "api": {
          "name": "shared_sharepointonline"
        }
      },
      "shared_office365_1": {
        "runtimeSource": "embedded",
        "connection": {
          "connectionReferenceLogicalName": "new_sharedoffice365_a2867"
        },
        "api": {
          "name": "shared_office365"
        }
      },
      "shared_sp-5fnhn-20cloud-20messages-5fe19dc72affb3d4d7": {
        "runtimeSource": "embedded",
        "connection": {
          "connectionReferenceLogicalName": "sp_sharedsp5fnhn20cloud20messages5fe19dc72affb3d4d7_8e055"
        },
        "api": {
          "name": "shared_sp-5fnhn-20cloud-20messages-5fe19dc72affb3d4d7",
          "logicalName": "sp_nhn-20cloud-20messages"
        }
      }
    },
    "definition": {
      "$schema": "https://schema.management.azure.com/providers/Microsoft.Logic/schemas/2016-06-01/workflowdefinition.json#",
      "contentVersion": "1.0.0.0",
      "parameters": {
        "$connections": {
          "defaultValue": {},
          "type": "Object"
        },
        "$authentication": {
          "defaultValue": {},
          "type": "SecureObject"
        }
      },
      "triggers": {
        "새_응답이_제출되는_경우": {
          "splitOn": "@triggerOutputs()?['body/value']",
          "metadata": {
            "operationMetadataId": "b124f527-544f-46f4-8410-4513c9d19b2f"
          },
          "type": "OpenApiConnectionWebhook",
          "inputs": {
            "host": {
              "connectionName": "shared_microsoftforms_1",
              "operationId": "CreateFormWebhook",
              "apiId": "/providers/Microsoft.PowerApps/apis/shared_microsoftforms"
            },
            "parameters": {
              "form_id": "fmzH4lUkKkqbVx_6WFB3_k_Tg00GtvBHpX75_RXRYSNUNjFTVUtZMDA2RkVWM0g5SjZVTFZJNEUwUS4u"
            },
            "authentication": "@parameters('$authentication')"
          }
        }
      },
      "actions": {
        "응답_세부_정보_가져오기": {
          "runAfter": {},
          "metadata": {
            "operationMetadataId": "f1255b74-16fd-4236-b833-97701b7c6434"
          },
          "type": "OpenApiConnection",
          "inputs": {
            "host": {
              "connectionName": "shared_microsoftforms_1",
              "operationId": "GetFormResponseById",
              "apiId": "/providers/Microsoft.PowerApps/apis/shared_microsoftforms"
            },
            "parameters": {
              "form_id": "fmzH4lUkKkqbVx_6WFB3_k_Tg00GtvBHpX75_RXRYSNUNjFTVUtZMDA2RkVWM0g5SjZVTFZJNEUwUS4u",
              "response_id": "@triggerOutputs()?['body/resourceData/responseId']"
            },
            "authentication": "@parameters('$authentication')"
          }
        },
        "학부모_정보_찾기": {
          "runAfter": {
            "응답_세부_정보_가져오기": [
              "Succeeded"
            ]
          },
          "metadata": {
            "operationMetadataId": "0ecf26ea-67cc-4d26-808d-60644d67a37d"
          },
          "type": "OpenApiConnection",
          "inputs": {
            "host": {
              "connectionName": "shared_sharepointonline_1",
              "operationId": "GetItems",
              "apiId": "/providers/Microsoft.PowerApps/apis/shared_sharepointonline"
            },
            "parameters": {
              "dataset": "https://solidperformer-my.sharepoint.com/personal/yunseo_ha_solidperformer_onmicrosoft_com",
              "table": "0a60d5f5-a78d-483c-bbe7-c446561bf119",
              "$filter": "(field_1 eq '@{outputs('응답_세부_정보_가져오기')?['body/r521e73bf455843cc86ec0a3608be9ace']}') and (field_2 eq '@{outputs('응답_세부_정보_가져오기')?['body/rc09668df796c4e37997f1cc17b52555e']}') and (field_3 eq '@{outputs('응답_세부_정보_가져오기')?['body/recb665faab5749bb8703458a7fda6268']}')"
            },
            "authentication": "@parameters('$authentication')"
          }
        },
        "각_학부모_명단_루프": {
          "foreach": "@outputs('학부모_정보_찾기')?['body/value']",
          "actions": {
            "참석_여부": {
              "runAfter": {},
              "metadata": {
                "operationMetadataId": "5e224aa6-01be-4ce3-a49f-1ddab1f5403c"
              },
              "type": "Compose",
              "inputs": "@if(equals(outputs('응답_세부_정보_가져오기')?['body/r2a7b1769939b45fdbd23ebf9818f3940'], '예'), true, false)"
            },
            "학부모_참가여부_기록": {
              "runAfter": {
                "참석_여부": [
                  "Succeeded"
                ]
              },
              "metadata": {
                "operationMetadataId": "6aba55ba-59f4-4bde-80d9-59a357a5bd0c"
              },
              "type": "OpenApiConnection",
              "inputs": {
                "host": {
                  "connectionName": "shared_sharepointonline_1",
                  "operationId": "PatchItem",
                  "apiId": "/providers/Microsoft.PowerApps/apis/shared_sharepointonline"
                },
                "parameters": {
                  "dataset": "https://solidperformer-my.sharepoint.com/personal/yunseo_ha_solidperformer_onmicrosoft_com",
                  "table": "0a60d5f5-a78d-483c-bbe7-c446561bf119",
                  "id": "@items('각_학부모_명단_루프')?['ID']",
                  "item/Title": "@items('각_학부모_명단_루프')?['Title']",
                  "item/field_1": "@items('각_학부모_명단_루프')?['field_1']",
                  "item/field_2": "@items('각_학부모_명단_루프')?['field_2']",
                  "item/field_3": "@items('각_학부모_명단_루프')?['field_3']",
                  "item/field_4": "@items('각_학부모_명단_루프')?['field_4']",
                  "item/field_5": "@items('각_학부모_명단_루프')?['field_5']",
                  "item/RSVP": "@items('각_학부모_명단_루프')?['RSVP']"
                },
                "authentication": "@parameters('$authentication')"
              }
            },
            "확인_이메일_보내기": {
              "runAfter": {
                "학부모_참가여부_기록": [
                  "Succeeded"
                ]
              },
              "metadata": {
                "operationMetadataId": "f80b203f-f5a9-48be-8faf-bc76a5ba25e6"
              },
              "type": "OpenApiConnection",
              "inputs": {
                "host": {
                  "connectionName": "shared_office365_1",
                  "operationId": "SendEmailV2",
                  "apiId": "/providers/Microsoft.PowerApps/apis/shared_office365"
                },
                "parameters": {
                  "emailMessage/To": "@outputs('학부모_참가여부_기록')?['body/field_2']",
                  "emailMessage/Subject": "한빛고등학교 2학년 입시설명회 참가여부 응답해 주셔서 감사합니다",
                  "emailMessage/Body": "<p>안녕하세요, @{outputs('학부모_참가여부_기록')?['body/field_1']}님.</p>\n<p>&nbsp;</p>\n<p>입시설명회 참가여부 응답해 주셔서 감사드립니다.</p>\n<p>&nbsp;</p>\n<p>감사합니다.</p>\n<p>&nbsp;</p>\n<p>한빛고등학교</p>",
                  "emailMessage/Importance": "Normal"
                },
                "authentication": "@parameters('$authentication')"
              }
            },
            "발신자_번호_선택": {
              "runAfter": {
                "확인_이메일_보내기": [
                  "Succeeded"
                ]
              },
              "metadata": {
                "operationMetadataId": "d3dc9254-3c20-4872-bf36-34e124fcd975"
              },
              "type": "Compose",
              "inputs": "01012345678"
            },
            "확인_문자메시지_보내기": {
              "runAfter": {
                "발신자_번호_선택": [
                  "Succeeded"
                ]
              },
              "metadata": {
                "operationMetadataId": "9bc949b4-1a64-42d8-9587-0aedd0a32447"
              },
              "type": "OpenApiConnection",
              "inputs": {
                "host": {
                  "connectionName": "shared_sp-5fnhn-20cloud-20messages-5fe19dc72affb3d4d7",
                  "operationId": "SMS-Send",
                  "apiId": "/providers/Microsoft.PowerApps/apis/shared_sp-5fnhn-20cloud-20messages-5fe19dc72affb3d4d7"
                },
                "parameters": {
                  "sendMessagesRequestBody/body": "한빛고등학교 입시설명회 참가여부 확인 감사합니다 -- 한빛고등학교",
                  "sendMessagesRequestBody/recipientList": [
                    {
                      "recipientNo": "@items('각_학부모_명단_루프')?['field_3']"
                    }
                  ],
                  "sendMessagesRequestBody/sendNo": "@outputs('발신자_번호_선택')"
                },
                "authentication": "@parameters('$authentication')"
              }
            }
          },
          "runAfter": {
            "학부모_정보_찾기": [
              "Succeeded"
            ]
          },
          "metadata": {
            "operationMetadataId": "dfb0f3dd-d205-441a-9cdd-0eef4cf160ff"
          },
          "type": "Foreach"
        }
      }
    },
    "templateName": ""
  },
  "schemaVersion": "1.0.0.0"
}