{"schemaVersion":"1.0","appDefinitionTemplate":{"id":"/providers/Microsoft.PowerApps/apps/","type":"Microsoft.PowerApps/apps","tags":{"primaryDeviceWidth":"640","primaryDeviceHeight":"1136","supportsPortrait":"true","supportsLandscape":"true","primaryFormFactor":"Phone","publisherVersion":"3.22054.15","minimumRequiredApiVersion":"2.2.0","hasComponent":"false","hasUnlockedComponent":"false","isUnifiedRootApp":"false","sienaVersion":"20220608T075122Z-3.22054.15.0"},"properties":{"appVersion":"2022-06-08T07:51:22Z","lifeCycleId":"Published","createdByClientVersion":{"major":3,"minor":22054,"build":15,"revision":0,"majorRevision":0,"minorRevision":0},"minClientVersion":{"major":3,"minor":22054,"build":15,"revision":0,"majorRevision":0,"minorRevision":0},"backgroundColor":"RGBA(0,176,240,1)","backgroundImageUri":"/11228544113184515162/N9cc1ce21-c2ff-4e2c-a709-338638792105-logoSmallFile","displayName":"Hello World","description":"","commitMessage":"","appUris":{"documentUri":{"value":"/11228544113184515162/Naaa677b0-3590-47bc-84bd-4de06921f1b9-document.msapp"},"imageUris":[],"additionalUris":[]},"createdTime":"0001-01-01T00:00:00Z","lastModifiedTime":"0001-01-01T00:00:00Z","sharedGroupsCount":0,"sharedUsersCount":0,"icons":{"smallIconUri":"/11228544113184515162/Ndeded72a-8ab3-43bb-b650-c8485082f929-small.png","mediumIconUri":"/11228544113184515162/Nf03e7bf8-d658-45b4-968f-4e1abf914f30-medium.png","largeIconUri":"/11228544113184515162/Nfde80516-f1e5-4bfa-bfb3-8a13bfedd8b5-large.png","wideIconUri":"/11228544113184515162/N657cf57d-8e44-41b6-adca-d6bf83029b05-wide.png"},"connectionReferences":{},"databaseReferences":{},"almMode":"Environment","performanceOptimizationEnabled":true,"canConsumeAppPass":true,"executionRestrictions":{"isTeamsOnly":false,"dataLossPreventionEvaluationResult":{"status":"Compliant","lastEvaluationDate":"2022-06-08T07:51:40.7654564Z","violations":[],"violationsByPolicy":[],"violationErrorMessage":"앱에서 사용하는 커넥터는 다음과 같습니다. "}}},"appType":"ClassicCanvasApp","appComponents":[]}}