{
  "properties": {
    "connectionReferences": {
      "shared_excelonlinebusiness_1": {
        "runtimeSource": "embedded",
        "connection": {
          "connectionReferenceLogicalName": "sp_sharedexcelonlinebusiness_24425"
        },
        "api": {
          "name": "shared_excelonlinebusiness"
        }
      },
      "shared_office365_1": {
        "runtimeSource": "embedded",
        "connection": {
          "connectionReferenceLogicalName": "sp_sharedoffice365_1b4dc"
        },
        "api": {
          "name": "shared_office365"
        }
      }
    },
    "definition": {
      "$schema": "https://schema.management.azure.com/providers/Microsoft.Logic/schemas/2016-06-01/workflowdefinition.json#",
      "contentVersion": "1.0.0.0",
      "parameters": {
        "$connections": {
          "defaultValue": {},
          "type": "Object"
        },
        "$authentication": {
          "defaultValue": {},
          "type": "SecureObject"
        }
      },
      "triggers": {
        "manual": {
          "metadata": {
            "operationMetadataId": "f08d43f2-a125-4291-b9bd-39994ead5427"
          },
          "type": "Request",
          "kind": "Button",
          "inputs": {
            "schema": {
              "type": "object",
              "properties": {},
              "required": []
            }
          }
        }
      },
      "actions": {
        "테이블에_있는_행_나열": {
          "runAfter": {},
          "metadata": {
            "01EZ25M3RNSQCSBFSSZNAY3URPMXHE2DJV": "/신규입사자.xlsx",
            "operationMetadataId": "f64a0c40-55bf-4643-9928-8d539b83296a",
            "tableId": "{33D0F1D2-ED19-40BF-8148-F3A241B72C92}"
          },
          "type": "OpenApiConnection",
          "inputs": {
            "host": {
              "connectionName": "shared_excelonlinebusiness_1",
              "operationId": "GetItems",
              "apiId": "/providers/Microsoft.PowerApps/apis/shared_excelonlinebusiness"
            },
            "parameters": {
              "source": "me",
              "drive": "b!CmkWMYtDZk-JzZySRL48Y_hlHyse6s1KuCpNdxS8qaVxl0g1_NcoQ7PEtd72wtq4",
              "file": "01EZ25M3RNSQCSBFSSZNAY3URPMXHE2DJV",
              "table": "{33D0F1D2-ED19-40BF-8148-F3A241B72C92}"
            },
            "authentication": {
              "type": "Raw",
              "value": "@json(decodeBase64(triggerOutputs().headers['X-MS-APIM-Tokens']))['$ConnectionKey']"
            }
          }
        },
        "각각에_적용": {
          "foreach": "@outputs('테이블에_있는_행_나열')?['body/value']",
          "actions": {
            "메일_보내기(V2)": {
              "runAfter": {},
              "metadata": {
                "operationMetadataId": "be32ca5f-22c8-4388-a13d-a3720a21a9b7"
              },
              "type": "OpenApiConnection",
              "inputs": {
                "host": {
                  "connectionName": "shared_office365_1",
                  "operationId": "SendEmailV2",
                  "apiId": "/providers/Microsoft.PowerApps/apis/shared_office365"
                },
                "parameters": {
                  "emailMessage/To": "@items('각각에_적용')?['이메일']",
                  "emailMessage/Subject": "[한빛솔루션] @{items('각각에_적용')?['이름']}님, 입사를 축하드립니다!",
                  "emailMessage/Body": "<p>@{items('각각에_적용')?['이름']}님, 한빛솔루션에 입사하신 것을 진심으로 축하드립니다. 아래 링크를 클릭해서 온보딩 프로세스를 시작하세요.<br>\n<br>\n<a href=\"https://aka.ms/pp/onboarding\">https://aka.ms/pp/onboarding</a><br>\n<br>\n곧 회사에서 뵙겠습니다!<br>\n<br>\n한빛솔루션, 강진영&nbsp;</p>",
                  "emailMessage/Importance": "Normal"
                },
                "authentication": {
                  "type": "Raw",
                  "value": "@json(decodeBase64(triggerOutputs().headers['X-MS-APIM-Tokens']))['$ConnectionKey']"
                }
              }
            }
          },
          "runAfter": {
            "테이블에_있는_행_나열": [
              "Succeeded"
            ]
          },
          "metadata": {
            "operationMetadataId": "75cdd8a7-207e-4938-adfb-c4551b14b2a2"
          },
          "type": "Foreach"
        }
      }
    },
    "templateName": ""
  },
  "schemaVersion": "1.0.0.0"
}