{
  "properties": {
    "connectionReferences": {
      "shared_office365_1": {
        "runtimeSource": "embedded",
        "connection": {
          "connectionReferenceLogicalName": "sp_sharedoffice365_1b4dc"
        },
        "api": {
          "name": "shared_office365"
        }
      },
      "shared_teams_1": {
        "runtimeSource": "embedded",
        "connection": {
          "connectionReferenceLogicalName": "sp_sharedteams_dd5fb"
        },
        "api": {
          "name": "shared_teams"
        }
      }
    },
    "definition": {
      "$schema": "https://schema.management.azure.com/providers/Microsoft.Logic/schemas/2016-06-01/workflowdefinition.json#",
      "contentVersion": "1.0.0.0",
      "parameters": {
        "$connections": {
          "defaultValue": {},
          "type": "Object"
        },
        "$authentication": {
          "defaultValue": {},
          "type": "SecureObject"
        }
      },
      "triggers": {
        "manual": {
          "metadata": {
            "operationMetadataId": "ad80f2eb-7672-4a9f-9b29-09a797997e64"
          },
          "type": "Request",
          "kind": "Http",
          "inputs": {
            "schema": {
              "type": "object",
              "properties": {
                "name": {
                  "type": "string"
                },
                "email": {
                  "type": "string"
                },
                "mobile": {
                  "type": "string"
                },
                "accountName": {
                  "type": "string"
                },
                "callbackUrl": {
                  "type": "string"
                }
              }
            }
          }
        }
      },
      "actions": {
        "오리엔테이션_일정_검색": {
          "runAfter": {},
          "metadata": {
            "operationMetadataId": "9bdaecae-bfcd-4d06-a11a-ab93304d6496"
          },
          "type": "OpenApiConnection",
          "inputs": {
            "host": {
              "connectionName": "shared_office365_1",
              "operationId": "V4CalendarGetItems",
              "apiId": "/providers/Microsoft.PowerApps/apis/shared_office365"
            },
            "parameters": {
              "table": "AAMkADRmNWU0ZTU5LTc2ODgtNDIwOS1hMzE2LWM0ODhjZTI1NTg3MABGAAAAAAAvXyqD_Tp9QY1Hr_OJ388fBwA-f8q9wrpmSaKyaS9dmKwFAAAAAAEGAAA-f8q9wrpmSaKyaS9dmKwFAAAAAHqwAAA=",
              "$filter": "subject eq '신규 입사자 오리엔테이션'"
            },
            "authentication": "@parameters('$authentication')"
          }
        },
        "각각에_적용": {
          "foreach": "@outputs('오리엔테이션_일정_검색')?['body/value']",
          "actions": {
            "참석자_추가": {
              "runAfter": {},
              "metadata": {
                "operationMetadataId": "4400fc55-9094-4733-85a9-c7f9fb121a44"
              },
              "type": "OpenApiConnection",
              "inputs": {
                "host": {
                  "connectionName": "shared_office365_1",
                  "operationId": "V4CalendarPatchItem",
                  "apiId": "/providers/Microsoft.PowerApps/apis/shared_office365"
                },
                "parameters": {
                  "table": "AAMkADRmNWU0ZTU5LTc2ODgtNDIwOS1hMzE2LWM0ODhjZTI1NTg3MABGAAAAAAAvXyqD_Tp9QY1Hr_OJ388fBwA-f8q9wrpmSaKyaS9dmKwFAAAAAAEGAAA-f8q9wrpmSaKyaS9dmKwFAAAAAHqwAAA=",
                  "id": "@items('각각에_적용')?['id']",
                  "item/subject": "@items('각각에_적용')?['subject']",
                  "item/start": "@items('각각에_적용')?['start']",
                  "item/end": "@items('각각에_적용')?['end']",
                  "item/timeZone": "@items('각각에_적용')?['timeZone']",
                  "item/requiredAttendees": "@concat(items('각각에_적용')?['requiredAttendees'], ';', triggerBody()?['accountName'], '@solidperformer.onmicrosoft.com')"
                },
                "authentication": "@parameters('$authentication')"
              }
            },
            "부서장_미팅_시간_찾기": {
              "runAfter": {
                "참석자_추가": [
                  "Succeeded"
                ]
              },
              "metadata": {
                "operationMetadataId": "6cb52ffe-2840-4624-80f5-e1c319d6e128"
              },
              "type": "OpenApiConnection",
              "inputs": {
                "host": {
                  "connectionName": "shared_office365_1",
                  "operationId": "FindMeetingTimes_V2",
                  "apiId": "/providers/Microsoft.PowerApps/apis/shared_office365"
                },
                "parameters": {
                  "body/RequiredAttendees": "manager@solidperformer.onmicrosoft.com",
                  "body/MeetingDuration": 60,
                  "body/Start": "@convertTimeZone(addHours(startOfDay(convertTimeZone(items('각각에_적용')?['startWithTimeZone'], 'UTC', 'Korea Standard Time')), 13), 'Korea Standard Time', 'UTC')",
                  "body/End": "@convertTimeZone(addHours(startOfDay(convertTimeZone(items('각각에_적용')?['startWithTimeZone'], 'UTC', 'Korea Standard Time')), 17), 'Korea Standard Time', 'UTC')",
                  "body/MaxCandidates": 1,
                  "body/IsOrganizerOptional": true,
                  "body/ActivityDomain": "Work"
                },
                "authentication": "@parameters('$authentication')"
              }
            },
            "부서장_가용_시간": {
              "runAfter": {
                "부서장_미팅_시간_찾기": [
                  "Succeeded"
                ]
              },
              "metadata": {
                "operationMetadataId": "9993d0fe-bd5a-48af-8eac-007eedc42352"
              },
              "type": "Compose",
              "inputs": "@first(outputs('부서장_미팅_시간_찾기')?['body/meetingTimeSuggestions'])"
            },
            "부서장_미팅": {
              "runAfter": {
                "부서장_가용_시간": [
                  "Succeeded"
                ]
              },
              "metadata": {
                "operationMetadataId": "c37d42fd-bdef-415f-89de-bb7d6f0bb372"
              },
              "type": "OpenApiConnection",
              "inputs": {
                "host": {
                  "connectionName": "shared_teams_1",
                  "operationId": "CreateTeamsMeeting",
                  "apiId": "/providers/Microsoft.PowerApps/apis/shared_teams"
                },
                "parameters": {
                  "calendarid": "Calendar",
                  "item/subject": "부서장 1:1 미팅",
                  "item/body/content": "신규 입사자 @{triggerBody()?['name']} 1:1 미팅",
                  "item/timeZone": "UTC",
                  "item/start/dateTime": "@outputs('부서장_가용_시간')?['meetingTimeSlot']?['start']?['dateTime']",
                  "item/end/dateTime": "@outputs('부서장_가용_시간')?['meetingTimeSlot']?['end']?['dateTime']",
                  "item/requiredAttendees": "@concat(triggerBody()?['accountName'], '@solidperformer.onmicrosoft.com;manager@solidperformer.onmicrosoft.com')",
                  "item/importance": "normal"
                },
                "authentication": "@parameters('$authentication')"
              }
            },
            "HR_미팅_시간_찾기": {
              "runAfter": {
                "부서장_미팅": [
                  "Succeeded"
                ]
              },
              "metadata": {
                "operationMetadataId": "8646ff59-2908-49af-b9de-09abfe56fa1c"
              },
              "type": "OpenApiConnection",
              "inputs": {
                "host": {
                  "connectionName": "shared_office365_1",
                  "operationId": "FindMeetingTimes_V2",
                  "apiId": "/providers/Microsoft.PowerApps/apis/shared_office365"
                },
                "parameters": {
                  "body/RequiredAttendees": "manager@solidperformer.onmicrosoft.com",
                  "body/MeetingDuration": 60,
                  "body/Start": "@outputs('부서장_가용_시간')?['meetingTimeSlot']?['end']?['dateTime']",
                  "body/End": "@convertTimeZone(addHours(startOfDay(convertTimeZone(items('각각에_적용')?['startWithTimeZone'], 'UTC', 'Korea Standard Time')), 17), 'Korea Standard Time', 'UTC')",
                  "body/MaxCandidates": 1,
                  "body/IsOrganizerOptional": false,
                  "body/ActivityDomain": "Work"
                },
                "authentication": "@parameters('$authentication')"
              }
            },
            "HR_가용_시간": {
              "runAfter": {
                "HR_미팅_시간_찾기": [
                  "Succeeded"
                ]
              },
              "metadata": {
                "operationMetadataId": "311428e7-fb98-4527-b90c-9fa58330f152"
              },
              "type": "Compose",
              "inputs": "@first(outputs('HR_미팅_시간_찾기')?['body/meetingTimeSuggestions'])"
            },
            "HR_미팅": {
              "runAfter": {
                "HR_가용_시간": [
                  "Succeeded"
                ]
              },
              "metadata": {
                "operationMetadataId": "31827197-c80d-4c41-b49b-6171763ad391"
              },
              "type": "OpenApiConnection",
              "inputs": {
                "host": {
                  "connectionName": "shared_teams_1",
                  "operationId": "CreateTeamsMeeting",
                  "apiId": "/providers/Microsoft.PowerApps/apis/shared_teams"
                },
                "parameters": {
                  "calendarid": "Calendar",
                  "item/subject": "HR 1:1 미팅",
                  "item/body/content": "신규 입사자 @{triggerBody()?['name']} 1:1 미팅",
                  "item/timeZone": "UTC",
                  "item/start/dateTime": "@outputs('HR_가용_시간')?['meetingTimeSlot']?['start']?['dateTime']",
                  "item/end/dateTime": "@outputs('HR_가용_시간')?['meetingTimeSlot']?['end']?['dateTime']",
                  "item/requiredAttendees": "@concat(triggerBody()?['accountName'], '@solidperformer.onmicrosoft.com;jinyeong.kang@solidperformer.onmicrosoft.com')",
                  "item/importance": "normal"
                },
                "authentication": "@parameters('$authentication')"
              }
            }
          },
          "runAfter": {
            "오리엔테이션_일정_검색": [
              "Succeeded"
            ]
          },
          "metadata": {
            "operationMetadataId": "ccf96fa1-3db1-4269-a1fe-2132868616b9"
          },
          "type": "Foreach"
        },
        "결과값_반환": {
          "runAfter": {
            "각각에_적용": [
              "Succeeded"
            ]
          },
          "metadata": {
            "operationMetadataId": "5828fe7e-4957-43f3-a053-1d2122e3ee3a"
          },
          "type": "Http",
          "inputs": {
            "method": "POST",
            "uri": "@triggerBody()?['callbackUrl']",
            "body": {
              "arranged": true
            }
          }
        }
      }
    },
    "templateName": ""
  },
  "schemaVersion": "1.0.0.0"
}