{
  "properties": {
    "connectionReferences": {
      "shared_microsoftforms_1": {
        "runtimeSource": "embedded",
        "connection": {
          "connectionReferenceLogicalName": "sp_sharedmicrosoftforms_ff365"
        },
        "api": {
          "name": "shared_microsoftforms"
        }
      },
      "shared_office365_1": {
        "runtimeSource": "embedded",
        "connection": {
          "connectionReferenceLogicalName": "sp_sharedoffice365_1b4dc"
        },
        "api": {
          "name": "shared_office365"
        }
      }
    },
    "definition": {
      "$schema": "https://schema.management.azure.com/providers/Microsoft.Logic/schemas/2016-06-01/workflowdefinition.json#",
      "contentVersion": "1.0.0.0",
      "parameters": {
        "$connections": {
          "defaultValue": {},
          "type": "Object"
        },
        "$authentication": {
          "defaultValue": {},
          "type": "SecureObject"
        }
      },
      "triggers": {
        "새_응답이_제출되는_경우": {
          "splitOn": "@triggerOutputs()?['body/value']",
          "metadata": {
            "operationMetadataId": "a6a95822-ff0a-49ea-b8c5-103db171e1ad"
          },
          "type": "OpenApiConnectionWebhook",
          "inputs": {
            "host": {
              "connectionName": "shared_microsoftforms_1",
              "operationId": "CreateFormWebhook",
              "apiId": "/providers/Microsoft.PowerApps/apis/shared_microsoftforms"
            },
            "parameters": {
              "form_id": "fmzH4lUkKkqbVx_6WFB3_i1ltcgY75BLikziUoa888FURTU0RUhCQldURDZGM1NXRDg0UzRJREsyMy4u"
            },
            "authentication": "@parameters('$authentication')"
          }
        }
      },
      "actions": {
        "응답_세부_정보_가져오기": {
          "runAfter": {},
          "metadata": {
            "operationMetadataId": "308f31e6-b3a9-48ca-89e5-93d4e5355af9"
          },
          "type": "OpenApiConnection",
          "inputs": {
            "host": {
              "connectionName": "shared_microsoftforms_1",
              "operationId": "GetFormResponseById",
              "apiId": "/providers/Microsoft.PowerApps/apis/shared_microsoftforms"
            },
            "parameters": {
              "form_id": "fmzH4lUkKkqbVx_6WFB3_i1ltcgY75BLikziUoa888FURTU0RUhCQldURDZGM1NXRDg0UzRJREsyMy4u",
              "response_id": "@triggerOutputs()?['body/resourceData/responseId']"
            },
            "authentication": "@parameters('$authentication')"
          }
        },
        "계정_생성": {
          "runAfter": {
            "응답_세부_정보_가져오기": [
              "Succeeded"
            ]
          },
          "metadata": {
            "operationMetadataId": "2b9d90c8-571d-4a2a-8de3-3939d4a822c6"
          },
          "type": "HttpWebhook",
          "inputs": {
            "subscribe": {
              "method": "POST",
              "uri": "https://prod-01.southeastasia.logic.azure.com:443/workflows/95628334a663400dba7f4dc0f0d43545/triggers/manual/paths/invoke?api-version=2016-06-01&sp=%2Ftriggers%2Fmanual%2Frun&sv=1.0&sig=yFM76JOBi5ODPrAxdxD4K4G3yQEyX8UprRV7cGmxZYs",
              "body": {
                "name": "@outputs('응답_세부_정보_가져오기')?['body/r4232b236ecee41f49d80076d894aa2a7']",
                "email": "@outputs('응답_세부_정보_가져오기')?['body/r41054193713c41e98e6c0863b853ed6c']",
                "mobile": "@outputs('응답_세부_정보_가져오기')?['body/r49087c75a0974abba2a1ce062b1ee65d']",
                "accountName": "@outputs('응답_세부_정보_가져오기')?['body/r58736588008f425ea9b05ab75b6476aa']",
                "callbackUrl": "@listCallbackUrl()"
              }
            },
            "unsubscribe": {}
          }
        },
        "사원증_주문": {
          "runAfter": {
            "계정_생성": [
              "Succeeded"
            ]
          },
          "metadata": {
            "operationMetadataId": "9adb43df-69ec-45f5-8d2d-8580e198a98a"
          },
          "type": "HttpWebhook",
          "inputs": {
            "subscribe": {
              "method": "POST",
              "uri": "https://prod-02.southeastasia.logic.azure.com:443/workflows/0615c0d167be49dfad186e10bdffd0a1/triggers/manual/paths/invoke?api-version=2016-06-01&sp=%2Ftriggers%2Fmanual%2Frun&sv=1.0&sig=L6cjbT5Pm6qL9Nu84edhlRW0LEZgObBk6myNunDDRRM",
              "body": {
                "name": "@outputs('응답_세부_정보_가져오기')?['body/r4232b236ecee41f49d80076d894aa2a7']",
                "email": "@outputs('응답_세부_정보_가져오기')?['body/r41054193713c41e98e6c0863b853ed6c']",
                "mobile": "@outputs('응답_세부_정보_가져오기')?['body/r49087c75a0974abba2a1ce062b1ee65d']",
                "accountName": "@outputs('응답_세부_정보_가져오기')?['body/r58736588008f425ea9b05ab75b6476aa']",
                "callbackUrl": "@listCallbackUrl()"
              }
            },
            "unsubscribe": {}
          }
        },
        "명함_주문": {
          "runAfter": {
            "계정_생성": [
              "Succeeded"
            ]
          },
          "metadata": {
            "operationMetadataId": "1f117eeb-b97f-45a9-a27e-6f4e3d559c7e"
          },
          "type": "HttpWebhook",
          "inputs": {
            "subscribe": {
              "method": "POST",
              "uri": "https://prod-18.southeastasia.logic.azure.com:443/workflows/050e31b4d7f74a97b9f62c8b879b5bbf/triggers/manual/paths/invoke?api-version=2016-06-01&sp=%2Ftriggers%2Fmanual%2Frun&sv=1.0&sig=IwzJSiziwc6IQKlNrMFMeCwXeERQkLlxqkzom-AlWtQ",
              "body": {
                "name": "@outputs('응답_세부_정보_가져오기')?['body/r4232b236ecee41f49d80076d894aa2a7']",
                "email": "@outputs('응답_세부_정보_가져오기')?['body/r41054193713c41e98e6c0863b853ed6c']",
                "mobile": "@outputs('응답_세부_정보_가져오기')?['body/r49087c75a0974abba2a1ce062b1ee65d']",
                "accountName": "@outputs('응답_세부_정보_가져오기')?['body/r58736588008f425ea9b05ab75b6476aa']",
                "callbackUrl": "@listCallbackUrl()"
              }
            },
            "unsubscribe": {}
          }
        },
        "컴퓨터_주문": {
          "runAfter": {
            "계정_생성": [
              "Succeeded"
            ]
          },
          "metadata": {
            "operationMetadataId": "094827b3-da82-4e9c-b358-d9bf5bcaa6e5"
          },
          "type": "HttpWebhook",
          "inputs": {
            "subscribe": {
              "method": "POST",
              "uri": "https://prod-19.southeastasia.logic.azure.com:443/workflows/268a4e537751479fa818a85018265deb/triggers/manual/paths/invoke?api-version=2016-06-01&sp=%2Ftriggers%2Fmanual%2Frun&sv=1.0&sig=wo7ALdB9SQBjzCr-XCHWBTTE-WXJ_BxwlFxPYfyQFrg",
              "body": {
                "name": "@outputs('응답_세부_정보_가져오기')?['body/r4232b236ecee41f49d80076d894aa2a7']",
                "email": "@outputs('응답_세부_정보_가져오기')?['body/r41054193713c41e98e6c0863b853ed6c']",
                "mobile": "@outputs('응답_세부_정보_가져오기')?['body/r49087c75a0974abba2a1ce062b1ee65d']",
                "accountName": "@outputs('응답_세부_정보_가져오기')?['body/r58736588008f425ea9b05ab75b6476aa']",
                "callbackUrl": "@listCallbackUrl()"
              }
            },
            "unsubscribe": {}
          }
        },
        "웰컴_키트_주문": {
          "runAfter": {
            "계정_생성": [
              "Succeeded"
            ]
          },
          "metadata": {
            "operationMetadataId": "5684b126-8d67-4435-b41b-3ee524955b4b"
          },
          "type": "HttpWebhook",
          "inputs": {
            "subscribe": {
              "method": "POST",
              "uri": "https://prod-22.southeastasia.logic.azure.com:443/workflows/087a833dd6424ebd8f0e6b4ba332bf36/triggers/manual/paths/invoke?api-version=2016-06-01&sp=%2Ftriggers%2Fmanual%2Frun&sv=1.0&sig=nclAkKxoutoNE0m-aO64VDXymqQopDmRfloPxzsmEEo",
              "body": {
                "name": "@outputs('응답_세부_정보_가져오기')?['body/r4232b236ecee41f49d80076d894aa2a7']",
                "email": "@outputs('응답_세부_정보_가져오기')?['body/r41054193713c41e98e6c0863b853ed6c']",
                "mobile": "@outputs('응답_세부_정보_가져오기')?['body/r49087c75a0974abba2a1ce062b1ee65d']",
                "accountName": "@outputs('응답_세부_정보_가져오기')?['body/r58736588008f425ea9b05ab75b6476aa']",
                "callbackUrl": "@listCallbackUrl()"
              }
            },
            "unsubscribe": {}
          }
        },
        "미팅_일정_생성": {
          "runAfter": {
            "계정_생성": [
              "Succeeded"
            ]
          },
          "metadata": {
            "operationMetadataId": "23c398d4-7033-4521-831c-a09eed175a4e"
          },
          "type": "HttpWebhook",
          "inputs": {
            "subscribe": {
              "method": "POST",
              "uri": "https://prod-05.southeastasia.logic.azure.com:443/workflows/e572bb2f6f6e4e4187cc89c4fdff2841/triggers/manual/paths/invoke?api-version=2016-06-01&sp=%2Ftriggers%2Fmanual%2Frun&sv=1.0&sig=PMgkjOpNYSp2-pH9BiCQcfSYWhhkx97pTYTJjiVsd94",
              "body": {
                "name": "@outputs('응답_세부_정보_가져오기')?['body/r4232b236ecee41f49d80076d894aa2a7']",
                "email": "@outputs('응답_세부_정보_가져오기')?['body/r41054193713c41e98e6c0863b853ed6c']",
                "mobile": "@outputs('응답_세부_정보_가져오기')?['body/r49087c75a0974abba2a1ce062b1ee65d']",
                "accountName": "@outputs('응답_세부_정보_가져오기')?['body/r58736588008f425ea9b05ab75b6476aa']",
                "callbackUrl": "@listCallbackUrl()"
              }
            },
            "unsubscribe": {}
          }
        },
        "메일_보내기(V2)": {
          "runAfter": {
            "사원증_주문": [
              "Succeeded"
            ],
            "명함_주문": [
              "Succeeded"
            ],
            "컴퓨터_주문": [
              "Succeeded"
            ],
            "웰컴_키트_주문": [
              "Succeeded"
            ],
            "미팅_일정_생성": [
              "Succeeded"
            ]
          },
          "metadata": {
            "operationMetadataId": "aaca6888-6459-4d75-9f9c-79ce164e980f"
          },
          "type": "OpenApiConnection",
          "inputs": {
            "host": {
              "connectionName": "shared_office365_1",
              "operationId": "SendEmailV2",
              "apiId": "/providers/Microsoft.PowerApps/apis/shared_office365"
            },
            "parameters": {
              "emailMessage/To": "@outputs('응답_세부_정보_가져오기')?['body/r41054193713c41e98e6c0863b853ed6c']",
              "emailMessage/Subject": "[한빛솔루션] @{outputs('응답_세부_정보_가져오기')?['body/r4232b236ecee41f49d80076d894aa2a7']}님, 입사를 환영합니다!",
              "emailMessage/Body": "<p>@{outputs('응답_세부_정보_가져오기')?['body/r4232b236ecee41f49d80076d894aa2a7']}님 안녕하세요! 한빛솔루션 입사를 진심으로 환영합니다.<br>\n<br>\n입사 첫날 사무실에 도착하시면 지정된 책상에서 컴퓨터를 켜고 아래 계정명과 임시 패스워드를 입력해서 계정을 활성화 시키세요.<br>\n<br>\n* 계정명: @{body('계정_생성')?['workEmail']}<br>\n* 임시 패스워드: @{body('계정_생성')?['tempPassword']}<br>\n<br>\n이어서 신규 입사자 전체 미팅, 매니저와 1:1 미팅, 마지막으로 HR담당자와 1:1 미팅을 진행하게 됩니다.<br>\n<br>\n회사에서 뵙겠습니다!<br>\n<br>\n한빛솔루션, 강진영<br>\n</p>",
              "emailMessage/Importance": "Normal"
            },
            "authentication": "@parameters('$authentication')"
          }
        }
      }
    },
    "templateName": ""
  },
  "schemaVersion": "1.0.0.0"
}