{
  "properties": {
    "connectionReferences": {},
    "definition": {
      "$schema": "https://schema.management.azure.com/providers/Microsoft.Logic/schemas/2016-06-01/workflowdefinition.json#",
      "contentVersion": "1.0.0.0",
      "parameters": {
        "$authentication": {
          "defaultValue": {},
          "type": "SecureObject"
        }
      },
      "staticResults": {
        "계정_생성_시스템_호출0": {
          "status": "Succeeded",
          "outputs": {
            "statusCode": "OK",
            "headers": {},
            "body": {
              "delivered": true
            }
          }
        }
      },
      "triggers": {
        "manual": {
          "metadata": {
            "operationMetadataId": "ad80f2eb-7672-4a9f-9b29-09a797997e64"
          },
          "type": "Request",
          "kind": "Http",
          "inputs": {
            "schema": {
              "type": "object",
              "properties": {
                "name": {
                  "type": "string"
                },
                "email": {
                  "type": "string"
                },
                "mobile": {
                  "type": "string"
                },
                "accountName": {
                  "type": "string"
                },
                "callbackUrl": {
                  "type": "string"
                }
              }
            }
          }
        }
      },
      "actions": {
        "사원증_발급_시스템_호출": {
          "runAfter": {},
          "metadata": {
            "operationMetadataId": "07c6183d-3434-4e84-ac91-030c88045a7f"
          },
          "type": "Http",
          "inputs": {
            "method": "POST",
            "uri": "https://solidperformers.kr/api/accesskeys",
            "body": "@triggerBody()"
          },
          "runtimeConfiguration": {
            "staticResult": {
              "staticResultOptions": "Enabled",
              "name": "계정_생성_시스템_호출0"
            }
          }
        },
        "결과값_반환": {
          "runAfter": {
            "사원증_발급_시스템_호출": [
              "Succeeded"
            ]
          },
          "metadata": {
            "operationMetadataId": "8a174f44-a4cd-4db5-9337-70037b3e0b5a"
          },
          "type": "Http",
          "inputs": {
            "method": "POST",
            "uri": "@triggerBody()?['callbackUrl']",
            "body": "@body('사원증_발급_시스템_호출')"
          }
        }
      }
    },
    "templateName": null
  },
  "schemaVersion": "1.0.0.0"
}