<ImportExportXml xmlns:xsi="http://www.w3.org/2001/XMLSchema-instance">
  <Entities></Entities>
  <Roles></Roles>
  <Workflows>
    <Workflow WorkflowId="{0e29ab49-b67a-ed11-81ad-000d3a8567ac}" Name="Hello World">
      <JsonFileName>/Workflows/HelloWorld-0E29AB49-B67A-ED11-81AD-000D3A8567AC.json</JsonFileName>
      <Type>1</Type>
      <Subprocess>0</Subprocess>
      <Category>5</Category>
      <Mode>0</Mode>
      <Scope>4</Scope>
      <OnDemand>0</OnDemand>
      <TriggerOnCreate>0</TriggerOnCreate>
      <TriggerOnDelete>0</TriggerOnDelete>
      <AsyncAutodelete>0</AsyncAutodelete>
      <SyncWorkflowLogOnFailure>0</SyncWorkflowLogOnFailure>
      <StateCode>1</StateCode>
      <StatusCode>2</StatusCode>
      <RunAs>1</RunAs>
      <IsTransacted>1</IsTransacted>
      <IntroducedVersion>1.0.0.0</IntroducedVersion>
      <IsCustomizable>1</IsCustomizable>
      <BusinessProcessType>0</BusinessProcessType>
      <IsCustomProcessingStepAllowedForOtherPublishers>1</IsCustomProcessingStepAllowedForOtherPublishers>
      <PrimaryEntity>none</PrimaryEntity>
      <LocalizedNames>
        <LocalizedName languagecode="1042" description="Hello World" />
      </LocalizedNames>
    </Workflow>
  </Workflows>
  <FieldSecurityProfiles></FieldSecurityProfiles>
  <Templates />
  <EntityMaps />
  <EntityRelationships />
  <OrganizationSettings />
  <optionsets />
  <CustomControls />
  <EntityDataProviders />
  <CanvasApps>
    <CanvasApp>
      <Name>sp_helloworld_f4acd</Name>
      <AppVersion>2022-06-08T07:51:22Z</AppVersion>
      <Status>Ready</Status>
      <CreatedByClientVersion>3.22054.15.0</CreatedByClientVersion>
      <MinClientVersion>3.22054.15.0</MinClientVersion>
      <Tags>{"primaryDeviceWidth":"640","primaryDeviceHeight":"1136","supportsPortrait":"true","supportsLandscape":"true","primaryFormFactor":"Phone","publisherVersion":"3.22054.15","minimumRequiredApiVersion":"2.2.0","hasComponent":"false","hasUnlockedComponent":"false","isUnifiedRootApp":"false","sienaVersion":"20220608T075122Z-3.22054.15.0"}</Tags>
      <IsCdsUpgraded>0</IsCdsUpgraded>
      <GalleryItemId xsi:nil="true"></GalleryItemId>
      <BackgroundColor>RGBA(0,176,240,1)</BackgroundColor>
      <DisplayName>Hello World</DisplayName>
      <Description xsi:nil="true"></Description>
      <CommitMessage xsi:nil="true"></CommitMessage>
      <Publisher xsi:nil="true"></Publisher>
      <AuthorizationReferences>[]</AuthorizationReferences>
      <ConnectionReferences>{}</ConnectionReferences>
      <DatabaseReferences>{}</DatabaseReferences>
      <AppComponents>[]</AppComponents>
      <AppComponentDependencies>[]</AppComponentDependencies>
      <CanConsumeAppPass>1</CanConsumeAppPass>
      <CanvasAppType>0</CanvasAppType>
      <BypassConsent>0</BypassConsent>
      <AdminControlBypassConsent>0</AdminControlBypassConsent>
      <EmbeddedApp xsi:nil="true"></EmbeddedApp>
      <IntroducedVersion>1.0</IntroducedVersion>
      <CdsDependencies>{"cdsdependencies":[]}</CdsDependencies>
      <IsCustomizable>1</IsCustomizable>
      <BackgroundImageUri>/CanvasApps/sp_helloworld_f4acd_BackgroundImageUri</BackgroundImageUri>
      <DocumentUri>/CanvasApps/sp_helloworld_f4acd_DocumentUri.msapp</DocumentUri>
    </CanvasApp>
  </CanvasApps>
  <Connectors>
    <Connector>
      <connectorid>fc2c2839-d570-47ea-9510-0826549033ff</connectorid>
      <description></description>
      <displayname>NHN Cloud Messages</displayname>
      <iconbrandcolor>#007ee5</iconbrandcolor>
      <name>sp_nhn-20cloud-20messages</name>
      <connectortype>1</connectortype>
      <openapidefinition>/Connector/sp_nhn-20cloud-20messages_openapidefinition.json</openapidefinition>
      <connectionparameters>/Connector/sp_nhn-20cloud-20messages_connectionparameters.json</connectionparameters>
      <policytemplateinstances>/Connector/sp_nhn-20cloud-20messages_policytemplateinstances.json</policytemplateinstances>
      <iconblob>/Connector/sp_nhn-20cloud-20messages_iconblob.Png</iconblob>
    </Connector>
  </Connectors>
  <Languages>
    <Language>1042</Language>
  </Languages>
</ImportExportXml>