{"name":"fe90b749-5a7d-4efc-916b-8baa331346b7","id":"/providers/Microsoft.Flow/flows/fe90b749-5a7d-4efc-916b-8baa331346b7","type":"Microsoft.Flow/flows","properties":{"apiId":"/providers/Microsoft.PowerApps/apis/shared_logicflows","displayName":"Hello World","definition":{"metadata":{"workflowEntityId":null,"processAdvisorMetadata":null,"flowclientsuspensionreason":"None","flowclientsuspensiontime":null,"flowclientsuspensionreasondetails":null,"creator":{"id":"be2a946d-7505-4a81-94bb-e8866952ba10","type":"User","tenantId":"e2c76c7e-2455-4a2a-9b57-1ffa585077fe"},"provisioningMethod":"FromDefinition","failureAlertSubscription":true,"clientLastModifiedTime":"2022-12-13T02:35:19.9132723Z"},"$schema":"https://schema.management.azure.com/providers/Microsoft.Logic/schemas/2016-06-01/workflowdefinition.json#","contentVersion":"1.0.0.0","parameters":{"$connections":{"defaultValue":{},"type":"Object"},"$authentication":{"defaultValue":{},"type":"SecureObject"}},"triggers":{"manual":{"metadata":{"operationMetadataId":"77491247-34d8-4d1b-962d-132063fb5306"},"type":"Request","kind":"Button","inputs":{"schema":{"type":"object","properties":{},"required":[]}}}},"actions":{"메일_보내기(V2)":{"runAfter":{"변수_초기화":["Succeeded"]},"metadata":{"operationMetadataId":"ffecfb91-dd48-426a-bb90-03c00e153ac1"},"type":"OpenApiConnection","inputs":{"host":{"apiId":"/providers/Microsoft.PowerApps/apis/shared_office365","connectionName":"shared_office365","operationId":"SendEmailV2"},"parameters":{"emailMessage/To":"@variables('Email')","emailMessage/Subject":"Hello World","emailMessage/Body":"<p>Hello World</p>","emailMessage/Importance":"Normal"},"authentication":{"value":"@json(decodeBase64(triggerOutputs().headers['X-MS-APIM-Tokens']))['$ConnectionKey']","type":"Raw"}}},"변수_초기화":{"runAfter":{},"metadata":{"operationMetadataId":"0e6f6918-fec7-4060-a5ca-bb1d7e051f32"},"type":"InitializeVariable","inputs":{"variables":[{"name":"Email","type":"string"}]}}}},"connectionReferences":{"shared_office365":{"connectionName":"shared-office365-4aaa739b-e48a-44ad-ae93-c13cf72ce671","source":"Invoker","id":"/providers/Microsoft.PowerApps/apis/shared_office365","tier":"NotSpecified"}},"flowFailureAlertSubscribed":false,"isManaged":false}}