{
  "properties": {
    "connectionReferences": {
      "shared_microsoftforms_1": {
        "runtimeSource": "embedded",
        "connection": {
          "connectionReferenceLogicalName": "new_sharedmicrosoftforms_f6688"
        },
        "api": {
          "name": "shared_microsoftforms"
        }
      },
      "shared_sharepointonline_1": {
        "runtimeSource": "embedded",
        "connection": {
          "connectionReferenceLogicalName": "new_sharedsharepointonline_2d82d"
        },
        "api": {
          "name": "shared_sharepointonline"
        }
      },
      "shared_office365_1": {
        "runtimeSource": "embedded",
        "connection": {
          "connectionReferenceLogicalName": "new_sharedoffice365_74697"
        },
        "api": {
          "name": "shared_office365"
        }
      },
      "shared_sp-5fnhn-20cloud-20messages-5f47c4b5a66abeebf6": {
        "runtimeSource": "embedded",
        "connection": {
          "connectionReferenceLogicalName": "sp_sharedsp5fnhn20cloud20messages5f47c4b5a66abeebf6_fd5ce"
        },
        "api": {
          "name": "shared_sp-5fnhn-20cloud-20messages-5f47c4b5a66abeebf6",
          "logicalName": "sp_nhn-20cloud-20messages"
        }
      }
    },
    "definition": {
      "$schema": "https://schema.management.azure.com/providers/Microsoft.Logic/schemas/2016-06-01/workflowdefinition.json#",
      "contentVersion": "1.0.0.0",
      "parameters": {
        "$connections": {
          "defaultValue": {},
          "type": "Object"
        },
        "$authentication": {
          "defaultValue": {},
          "type": "SecureObject"
        }
      },
      "triggers": {
        "새_응답이_제출되는_경우": {
          "splitOn": "@triggerOutputs()?['body/value']",
          "metadata": {
            "operationMetadataId": "4d580502-b7e4-4579-9703-2e996e5d7f30"
          },
          "type": "OpenApiConnectionWebhook",
          "inputs": {
            "host": {
              "connectionName": "shared_microsoftforms_1",
              "operationId": "CreateFormWebhook",
              "apiId": "/providers/Microsoft.PowerApps/apis/shared_microsoftforms"
            },
            "parameters": {
              "form_id": "fmzH4lUkKkqbVx_6WFB3_lUTPJsBtHxEun3EH0OzQ55UMFZQTVZZR1JVN0dXTzdGTlZMVFZISUtaTS4u"
            },
            "authentication": "@parameters('$authentication')"
          }
        }
      },
      "actions": {
        "응답_세부_정보_가져오기": {
          "runAfter": {},
          "metadata": {
            "operationMetadataId": "eda900fc-3c47-4322-a888-5190da3dc41d"
          },
          "type": "OpenApiConnection",
          "inputs": {
            "host": {
              "connectionName": "shared_microsoftforms_1",
              "operationId": "GetFormResponseById",
              "apiId": "/providers/Microsoft.PowerApps/apis/shared_microsoftforms"
            },
            "parameters": {
              "form_id": "fmzH4lUkKkqbVx_6WFB3_lUTPJsBtHxEun3EH0OzQ55UMFZQTVZZR1JVN0dXTzdGTlZMVFZISUtaTS4u",
              "response_id": "@triggerOutputs()?['body/resourceData/responseId']"
            },
            "authentication": "@parameters('$authentication')"
          }
        },
        "멘토_정보_추가": {
          "runAfter": {
            "응답_세부_정보_가져오기": [
              "Succeeded"
            ]
          },
          "metadata": {
            "operationMetadataId": "409d88d0-f9c2-43e8-b958-7e7068991af8"
          },
          "type": "OpenApiConnection",
          "inputs": {
            "host": {
              "connectionName": "shared_sharepointonline_1",
              "operationId": "PostItem",
              "apiId": "/providers/Microsoft.PowerApps/apis/shared_sharepointonline"
            },
            "parameters": {
              "dataset": "https://solidperformer-my.sharepoint.com/personal/sihyeon_choi_solidperformer_onmicrosoft_com",
              "table": "538efebb-45f3-4650-a109-f7e080d4e442",
              "item/Title": "@triggerOutputs()?['body/resourceData/responseId']",
              "item/field_1": "@outputs('응답_세부_정보_가져오기')?['body/rab221c4d24cf4cdf98c8d131cd0322c0']",
              "item/field_2": "@outputs('응답_세부_정보_가져오기')?['body/responder']",
              "item/field_3": "@outputs('응답_세부_정보_가져오기')?['body/r4632fa5b53094ad9bba0a9530ea07209']",
              "item/field_4": "@outputs('응답_세부_정보_가져오기')?['body/r7c6cef5b213447279dc3b5ccc1025da2']",
              "item/field_5": "@outputs('응답_세부_정보_가져오기')?['body/r52bf93fbd21b4d118e1255a8cefdcba0']",
              "item/Accepted": false
            },
            "authentication": "@parameters('$authentication')"
          }
        },
        "확인_이메일_보내기": {
          "runAfter": {
            "멘토_정보_추가": [
              "Succeeded"
            ]
          },
          "metadata": {
            "operationMetadataId": "fe52510f-e262-445f-a9a1-be6b0125a8b7"
          },
          "type": "OpenApiConnection",
          "inputs": {
            "host": {
              "connectionName": "shared_office365_1",
              "operationId": "SendEmailV2",
              "apiId": "/providers/Microsoft.PowerApps/apis/shared_office365"
            },
            "parameters": {
              "emailMessage/To": "@outputs('응답_세부_정보_가져오기')?['body/responder']",
              "emailMessage/Subject": "한빛그룹 커리어 멘토링 세션 멘토에 지원해 주셔서 감사합니다",
              "emailMessage/Body": "<p>안녕하세요, @{outputs('응답_세부_정보_가져오기')?['body/rab221c4d24cf4cdf98c8d131cd0322c0']}님</p>\n<p>&nbsp;</p>\n<p>커리어 멘토링 세션에 멘토로 지원해 주셔서 감사드립니다. 세션 선정 여부를 별도로 안내해 드리겠습니다.</p>\n<p>&nbsp;</p>\n<p>감사합니다.</p>\n<p>&nbsp;</p>\n<p>사회공헌팀</p>",
              "emailMessage/Importance": "Normal"
            },
            "authentication": "@parameters('$authentication')"
          }
        },
        "발신자_번호_선택": {
          "runAfter": {
            "확인_이메일_보내기": [
              "Succeeded"
            ]
          },
          "metadata": {
            "operationMetadataId": "dbf345fe-a481-479b-b595-48c7699225a8"
          },
          "type": "Compose",
          "inputs": "01012345678"
        },
        "확인_문자메시지_보내기": {
          "runAfter": {
            "발신자_번호_선택": [
              "Succeeded"
            ]
          },
          "metadata": {
            "operationMetadataId": "96037d00-651e-4696-b596-2d5d31070c69"
          },
          "type": "OpenApiConnection",
          "inputs": {
            "host": {
              "connectionName": "shared_sp-5fnhn-20cloud-20messages-5f47c4b5a66abeebf6",
              "operationId": "SMS-Send",
              "apiId": ""
            },
            "parameters": {
              "sendMessagesRequestBody/body": "커리어 멘토링 세션 멘토에 지원해 주셔서 감사합니다 -- 사회공헌팀",
              "sendMessagesRequestBody/recipientList": [
                {
                  "recipientNo": "@outputs('응답_세부_정보_가져오기')?['body/r4632fa5b53094ad9bba0a9530ea07209']"
                }
              ],
              "sendMessagesRequestBody/sendNo": "@outputs('발신자_번호_선택')"
            },
            "authentication": "@parameters('$authentication')"
          }
        }
      }
    },
    "templateName": ""
  },
  "schemaVersion": "1.0.0.0"
}