{
  "properties": {
    "connectionReferences": {
      "shared_microsoftforms_1": {
        "runtimeSource": "embedded",
        "connection": {
          "connectionReferenceLogicalName": "new_sharedmicrosoftforms_f6688"
        },
        "api": {
          "name": "shared_microsoftforms"
        }
      },
      "shared_sharepointonline_1": {
        "runtimeSource": "embedded",
        "connection": {
          "connectionReferenceLogicalName": "new_sharedsharepointonline_2d82d"
        },
        "api": {
          "name": "shared_sharepointonline"
        }
      },
      "shared_office365_1": {
        "runtimeSource": "embedded",
        "connection": {
          "connectionReferenceLogicalName": "new_sharedoffice365_74697"
        },
        "api": {
          "name": "shared_office365"
        }
      }
    },
    "definition": {
      "$schema": "https://schema.management.azure.com/providers/Microsoft.Logic/schemas/2016-06-01/workflowdefinition.json#",
      "contentVersion": "1.0.0.0",
      "parameters": {
        "$connections": {
          "defaultValue": {},
          "type": "Object"
        },
        "$authentication": {
          "defaultValue": {},
          "type": "SecureObject"
        }
      },
      "triggers": {
        "새_응답이_제출되는_경우": {
          "splitOn": "@triggerOutputs()?['body/value']",
          "metadata": {
            "operationMetadataId": "64dca566-897c-4f93-9a96-db928b14e0ab"
          },
          "type": "OpenApiConnectionWebhook",
          "inputs": {
            "host": {
              "connectionName": "shared_microsoftforms_1",
              "operationId": "CreateFormWebhook",
              "apiId": "/providers/Microsoft.PowerApps/apis/shared_microsoftforms"
            },
            "parameters": {
              "form_id": "fmzH4lUkKkqbVx_6WFB3_lUTPJsBtHxEun3EH0OzQ55UN09ITkxDRUpWQ1dKRk1UNk4zTlFHRVEzSy4u"
            },
            "authentication": "@parameters('$authentication')"
          }
        }
      },
      "actions": {
        "응답_세부_정보_가져오기": {
          "runAfter": {},
          "metadata": {
            "operationMetadataId": "7a1eefc8-1194-4412-936a-3369419c6c51"
          },
          "type": "OpenApiConnection",
          "inputs": {
            "host": {
              "connectionName": "shared_microsoftforms_1",
              "operationId": "GetFormResponseById",
              "apiId": "/providers/Microsoft.PowerApps/apis/shared_microsoftforms"
            },
            "parameters": {
              "form_id": "fmzH4lUkKkqbVx_6WFB3_lUTPJsBtHxEun3EH0OzQ55UN09ITkxDRUpWQ1dKRk1UNk4zTlFHRVEzSy4u",
              "response_id": "@triggerOutputs()?['body/resourceData/responseId']"
            },
            "authentication": "@parameters('$authentication')"
          }
        },
        "참가자_등록": {
          "runAfter": {
            "응답_세부_정보_가져오기": [
              "Succeeded"
            ]
          },
          "metadata": {
            "operationMetadataId": "c2d5af55-d085-49dc-bce3-56e5f52d960f"
          },
          "type": "OpenApiConnection",
          "inputs": {
            "host": {
              "connectionName": "shared_sharepointonline_1",
              "operationId": "PostItem",
              "apiId": "/providers/Microsoft.PowerApps/apis/shared_sharepointonline"
            },
            "parameters": {
              "dataset": "https://solidperformer-my.sharepoint.com/personal/sihyeon_choi_solidperformer_onmicrosoft_com",
              "table": "db4c722e-3a98-44d9-bc3b-1a36a5cabcaf",
              "item/Title": "@triggerOutputs()?['body/resourceData/responseId']",
              "item/field_1": "@outputs('응답_세부_정보_가져오기')?['body/r8b405fec9f514dfea5998d326ac066a4']",
              "item/field_2": "@outputs('응답_세부_정보_가져오기')?['body/re873b15d19b34ebeaa837fe6aea6b601']",
              "item/field_3": "@outputs('응답_세부_정보_가져오기')?['body/r5e9141288874442f868e1158b11e575d']"
            },
            "authentication": "@parameters('$authentication')"
          }
        },
        "멘토_이름": {
          "runAfter": {
            "참가자_등록": [
              "Succeeded"
            ]
          },
          "metadata": {
            "operationMetadataId": "403d23fb-3123-4fb8-99de-64dcfca46acd"
          },
          "type": "Compose",
          "inputs": "@first(split(outputs('응답_세부_정보_가져오기')?['body/r0fb3bc4e0d9d4e599c076b2fee21bea6'], ':'))"
        },
        "세션_제목": {
          "runAfter": {
            "멘토_이름": [
              "Succeeded"
            ]
          },
          "metadata": {
            "operationMetadataId": "c315b52b-d4da-457f-8c6a-8a66bca4c2d1"
          },
          "type": "Compose",
          "inputs": "@trim(last(split(outputs('응답_세부_정보_가져오기')?['body/r0fb3bc4e0d9d4e599c076b2fee21bea6'], ':')))"
        },
        "멘토_검색": {
          "runAfter": {
            "세션_제목": [
              "Succeeded"
            ]
          },
          "metadata": {
            "operationMetadataId": "f9075750-e897-4e90-aabd-b809d0fd1d23"
          },
          "type": "OpenApiConnection",
          "inputs": {
            "host": {
              "connectionName": "shared_sharepointonline_1",
              "operationId": "GetItems",
              "apiId": "/providers/Microsoft.PowerApps/apis/shared_sharepointonline"
            },
            "parameters": {
              "dataset": "https://solidperformer-my.sharepoint.com/personal/sihyeon_choi_solidperformer_onmicrosoft_com",
              "table": "538efebb-45f3-4650-a109-f7e080d4e442",
              "$filter": "(field_1 eq '@{outputs('멘토_이름')}') and (field_4 eq '@{outputs('세션_제목')}')"
            },
            "authentication": "@parameters('$authentication')"
          }
        },
        "멘토_상세_정보": {
          "runAfter": {
            "멘토_검색": [
              "Succeeded"
            ]
          },
          "metadata": {
            "operationMetadataId": "94c9ce6f-7dbe-44bd-8b7f-9482f938937b"
          },
          "type": "Compose",
          "inputs": "@first(outputs('멘토_검색')?['body/value'])"
        },
        "참가자_등록_정보_수정": {
          "runAfter": {
            "멘토_상세_정보": [
              "Succeeded"
            ]
          },
          "metadata": {
            "operationMetadataId": "b610e76c-51df-497e-92b1-b223b70b629e"
          },
          "type": "OpenApiConnection",
          "inputs": {
            "host": {
              "connectionName": "shared_sharepointonline_1",
              "operationId": "PatchItem",
              "apiId": "/providers/Microsoft.PowerApps/apis/shared_sharepointonline"
            },
            "parameters": {
              "dataset": "https://solidperformer-my.sharepoint.com/personal/sihyeon_choi_solidperformer_onmicrosoft_com",
              "table": "db4c722e-3a98-44d9-bc3b-1a36a5cabcaf",
              "id": "@outputs('참가자_등록')?['body/ID']",
              "item/Title": "@outputs('참가자_등록')?['body/Title']",
              "item/field_1": "@outputs('참가자_등록')?['body/field_1']",
              "item/field_2": "@outputs('참가자_등록')?['body/field_2']",
              "item/field_3": "@outputs('참가자_등록')?['body/field_3']",
              "item/field_4": "@outputs('멘토_상세_정보')?['field_2']",
              "item/field_5": "@outputs('멘토_상세_정보')?['field_7']"
            },
            "authentication": "@parameters('$authentication')"
          }
        },
        "참가자_등록_확인_이메일_보내기": {
          "runAfter": {
            "참가자_등록_정보_수정": [
              "Succeeded"
            ]
          },
          "metadata": {
            "operationMetadataId": "ddeabf66-760e-4bf9-aed5-b715818bdf4a"
          },
          "type": "OpenApiConnection",
          "inputs": {
            "host": {
              "connectionName": "shared_office365_1",
              "operationId": "SendEmailV2",
              "apiId": "/providers/Microsoft.PowerApps/apis/shared_office365"
            },
            "parameters": {
              "emailMessage/To": "@outputs('참가자_등록_정보_수정')?['body/field_2']",
              "emailMessage/Subject": "한빛그룹 커리어 멘토링 세션에 등록해 주셔서 감사합니다",
              "emailMessage/Body": "<p>안녕하세요, @{outputs('참가자_등록_정보_수정')?['body/field_1']}님<br>\n<br>\n한빛그룹에서 진행하는 온라인 커리어 멘토링 세션에 등록해 주셔서 감사합니다. 아래는 &nbsp;@{outputs('참가자_등록_정보_수정')?['body/field_1']}@{outputs('참가자_등록_정보_수정')?['body/field_1']}님이 참여하실 멘토링 세션 세부 정보입니다.<br>\n<br>\n* 일시: 2022년 0월 0일, 오후 2시-3시<br>\n* 장소: 마이크로소프트 팀즈 @{outputs('멘토_상세_정보')?['field_7']}@{outputs('멘토_상세_정보')?['Teams Meeting Link']}<br>\n* 세션 제목: @{outputs('멘토_상세_정보')?['field_4']}@{outputs('멘토_상세_정보')?['Session Title']}<br>\n* 세션 내용: &nbsp;@{outputs('멘토_상세_정보')?['field_5']}@{outputs('멘토_상세_정보')?['Session Description']}<br>\n<br>\n감사합니다.<br>\n<br>\n한빛그룹 사회공헌팀<br>\n</p>",
              "emailMessage/Importance": "Normal"
            },
            "authentication": "@parameters('$authentication')"
          }
        }
      }
    },
    "templateName": ""
  },
  "schemaVersion": "1.0.0.0"
}