{
  "properties": {
    "connectionReferences": {
      "shared_sharepointonline_1": {
        "runtimeSource": "embedded",
        "connection": {
          "connectionReferenceLogicalName": "new_sharedsharepointonline_2d82d"
        },
        "api": {
          "name": "shared_sharepointonline"
        }
      },
      "shared_office365_1": {
        "runtimeSource": "embedded",
        "connection": {
          "connectionReferenceLogicalName": "new_sharedoffice365_74697"
        },
        "api": {
          "name": "shared_office365"
        }
      },
      "shared_teams_1": {
        "runtimeSource": "embedded",
        "connection": {
          "connectionReferenceLogicalName": "new_sharedteams_c6baa"
        },
        "api": {
          "name": "shared_teams"
        }
      }
    },
    "definition": {
      "$schema": "https://schema.management.azure.com/providers/Microsoft.Logic/schemas/2016-06-01/workflowdefinition.json#",
      "contentVersion": "1.0.0.0",
      "parameters": {
        "$connections": {
          "defaultValue": {},
          "type": "Object"
        },
        "$authentication": {
          "defaultValue": {},
          "type": "SecureObject"
        }
      },
      "triggers": {
        "manual": {
          "metadata": {
            "operationMetadataId": "9332835a-0481-4e43-a329-f271936edb8e"
          },
          "type": "Request",
          "kind": "Button",
          "inputs": {
            "schema": {
              "type": "object",
              "properties": {},
              "required": []
            }
          }
        }
      },
      "actions": {
        "세션_미선정_멘토_검색": {
          "runAfter": {},
          "metadata": {
            "operationMetadataId": "dc3e6415-11c6-4883-89fa-3b67672d625b"
          },
          "type": "OpenApiConnection",
          "inputs": {
            "host": {
              "connectionName": "shared_sharepointonline_1",
              "operationId": "GetItems",
              "apiId": "/providers/Microsoft.PowerApps/apis/shared_sharepointonline"
            },
            "parameters": {
              "dataset": "https://solidperformer-my.sharepoint.com/personal/sihyeon_choi_solidperformer_onmicrosoft_com",
              "table": "538efebb-45f3-4650-a109-f7e080d4e442",
              "$filter": "Accepted eq '0'"
            },
            "authentication": {
              "type": "Raw",
              "value": "@json(decodeBase64(triggerOutputs().headers['X-MS-APIM-Tokens']))['$ConnectionKey']"
            }
          }
        },
        "세션_미선정_멘토_각각에_적용": {
          "foreach": "@outputs('세션_미선정_멘토_검색')?['body/value']",
          "actions": {
            "세션_미선정_결과_이메일_보내기": {
              "runAfter": {},
              "metadata": {
                "operationMetadataId": "0c62e955-b343-4c5e-bab8-8db3c4af214c"
              },
              "type": "OpenApiConnection",
              "inputs": {
                "host": {
                  "connectionName": "shared_office365_1",
                  "operationId": "SendEmailV2",
                  "apiId": "/providers/Microsoft.PowerApps/apis/shared_office365"
                },
                "parameters": {
                  "emailMessage/To": "@items('세션_미선정_멘토_각각에_적용')?['field_2']",
                  "emailMessage/Subject": "커리어 멘토링 세션 멘토로 선정되지 못하셨습니다",
                  "emailMessage/Body": "<p>안녕하세요, @{items('세션_미선정_멘토_각각에_적용')?['field_1']}님</p>\n<p>&nbsp;</p>\n<p>@{items('세션_미선정_멘토_각각에_적용')?['field_1']}님께서 지원하신 세션은 안타깝게도 선정되지 못했습니다.</p>\n<p>&nbsp;</p>\n<p>사회공헌팀</p>",
                  "emailMessage/Importance": "Normal"
                },
                "authentication": {
                  "type": "Raw",
                  "value": "@json(decodeBase64(triggerOutputs().headers['X-MS-APIM-Tokens']))['$ConnectionKey']"
                }
              }
            }
          },
          "runAfter": {
            "세션_미선정_멘토_검색": [
              "Succeeded"
            ]
          },
          "metadata": {
            "operationMetadataId": "611c14ed-1238-4083-b559-2ca3fb3fdce0"
          },
          "type": "Foreach"
        },
        "세션_선정_멘토_검색": {
          "runAfter": {},
          "metadata": {
            "operationMetadataId": "0ac4ee68-a2e9-4d30-9a0b-7499c6db4b81"
          },
          "type": "OpenApiConnection",
          "inputs": {
            "host": {
              "connectionName": "shared_sharepointonline_1",
              "operationId": "GetItems",
              "apiId": "/providers/Microsoft.PowerApps/apis/shared_sharepointonline"
            },
            "parameters": {
              "dataset": "https://solidperformer-my.sharepoint.com/personal/sihyeon_choi_solidperformer_onmicrosoft_com",
              "table": "538efebb-45f3-4650-a109-f7e080d4e442",
              "$filter": "Accepted eq '1'"
            },
            "authentication": {
              "type": "Raw",
              "value": "@json(decodeBase64(triggerOutputs().headers['X-MS-APIM-Tokens']))['$ConnectionKey']"
            }
          }
        },
        "각각에_적용": {
          "foreach": "@outputs('세션_선정_멘토_검색')?['body/value']",
          "actions": {
            "세션_선정_결과_이메일_보내기": {
              "runAfter": {},
              "metadata": {
                "operationMetadataId": "f7d77f05-a1e4-4395-9a70-6bc1f38197c5"
              },
              "type": "OpenApiConnection",
              "inputs": {
                "host": {
                  "connectionName": "shared_office365_1",
                  "operationId": "SendEmailV2",
                  "apiId": "/providers/Microsoft.PowerApps/apis/shared_office365"
                },
                "parameters": {
                  "emailMessage/To": "@items('각각에_적용')?['field_2']",
                  "emailMessage/Subject": "축하합니다! 커리어 멘토링 세션에 선정되셨습니다",
                  "emailMessage/Body": "<p>안녕하세요, @{items('각각에_적용')?['field_1']}님</p>\n<p>&nbsp;</p>\n<p>@{items('각각에_적용')?['field_1']}님께서 지원하신 주제로 커리어 멘토링 세션 멘토로 선정되셨습니다. 별도의 이메일을 통해 팀즈 미팅 초대 링크를 보내드리겠습니다.</p>\n<p>&nbsp;</p>\n<p>사회공헌팀</p>",
                  "emailMessage/Importance": "Normal"
                },
                "authentication": {
                  "type": "Raw",
                  "value": "@json(decodeBase64(triggerOutputs().headers['X-MS-APIM-Tokens']))['$ConnectionKey']"
                }
              }
            },
            "멘토링_세션_만들기": {
              "runAfter": {
                "세션_선정_결과_이메일_보내기": [
                  "Succeeded"
                ]
              },
              "metadata": {
                "operationMetadataId": "5bbcd037-367c-4d63-891d-3ce127842753"
              },
              "type": "OpenApiConnection",
              "inputs": {
                "host": {
                  "connectionName": "shared_teams_1",
                  "operationId": "CreateTeamsMeeting",
                  "apiId": "/providers/Microsoft.PowerApps/apis/shared_teams"
                },
                "parameters": {
                  "calendarid": "Calendar",
                  "item/subject": "커리어 멘토링 - @{items('각각에_적용')?['field_4']}",
                  "item/body/content": "@items('각각에_적용')?['field_5']",
                  "item/timeZone": "Korea Standard Time",
                  "item/start/dateTime": "2022-06-16T14:00:00",
                  "item/end/dateTime": "2022-06-16T15:00:00",
                  "item/requiredAttendees": "@items('각각에_적용')?['field_2']",
                  "item/importance": "normal"
                },
                "authentication": {
                  "type": "Raw",
                  "value": "@json(decodeBase64(triggerOutputs().headers['X-MS-APIM-Tokens']))['$ConnectionKey']"
                }
              }
            },
            "멘토_명단_수정": {
              "runAfter": {
                "멘토링_세션_만들기": [
                  "Succeeded"
                ]
              },
              "metadata": {
                "operationMetadataId": "5d08adc2-65d3-4a49-a459-6e72f61ffab0"
              },
              "type": "OpenApiConnection",
              "inputs": {
                "host": {
                  "connectionName": "shared_sharepointonline_1",
                  "operationId": "PatchItem",
                  "apiId": "/providers/Microsoft.PowerApps/apis/shared_sharepointonline"
                },
                "parameters": {
                  "dataset": "https://solidperformer-my.sharepoint.com/personal/sihyeon_choi_solidperformer_onmicrosoft_com",
                  "table": "538efebb-45f3-4650-a109-f7e080d4e442",
                  "id": "@items('각각에_적용')?['ID']",
                  "item/Title": "@items('각각에_적용')?['Title']",
                  "item/field_1": "@items('각각에_적용')?['field_1']",
                  "item/field_2": "@items('각각에_적용')?['field_2']",
                  "item/field_3": "@items('각각에_적용')?['field_3']",
                  "item/field_4": "@items('각각에_적용')?['field_4']",
                  "item/field_5": "@items('각각에_적용')?['field_5']",
                  "item/Accepted": "@items('각각에_적용')?['Accepted']",
                  "item/field_7": "@outputs('멘토링_세션_만들기')?['body/onlineMeeting/joinUrl']"
                },
                "authentication": {
                  "type": "Raw",
                  "value": "@json(decodeBase64(triggerOutputs().headers['X-MS-APIM-Tokens']))['$ConnectionKey']"
                }
              }
            }
          },
          "runAfter": {
            "세션_선정_멘토_검색": [
              "Succeeded"
            ]
          },
          "metadata": {
            "operationMetadataId": "900ba813-4b63-427a-9935-f6657cf3966c"
          },
          "type": "Foreach"
        }
      }
    },
    "templateName": ""
  },
  "schemaVersion": "1.0.0.0"
}