<ImportExportXml xmlns:xsi="http://www.w3.org/2001/XMLSchema-instance">
  <Entities></Entities>
  <Roles></Roles>
  <Workflows></Workflows>
  <FieldSecurityProfiles></FieldSecurityProfiles>
  <Templates />
  <EntityMaps />
  <EntityRelationships />
  <OrganizationSettings />
  <optionsets />
  <CustomControls />
  <EntityDataProviders />
  <Connectors>
    <Connector>
      <connectorid>8072098e-0a5e-41d3-93a0-ed8fca6b82d8</connectorid>
      <description>This is a BFF API for Power Platform to the NHN Cloud Notification service.</description>
      <displayname>NHN Cloud Messages</displayname>
      <iconbrandcolor>#007ee5</iconbrandcolor>
      <name>sp_nhn-20cloud-20messages</name>
      <connectortype>1</connectortype>
      <openapidefinition>/Connector/sp_nhn-20cloud-20messages_openapidefinition.json</openapidefinition>
      <connectionparameters>/Connector/sp_nhn-20cloud-20messages_connectionparameters.json</connectionparameters>
      <policytemplateinstances>/Connector/sp_nhn-20cloud-20messages_policytemplateinstances.json</policytemplateinstances>
      <iconblob>/Connector/sp_nhn-20cloud-20messages_iconblob.Png</iconblob>
    </Connector>
  </Connectors>
  <Languages>
    <Language>1033</Language>
  </Languages>
</ImportExportXml>