<ImportExportXml version="9.2.22111.198" SolutionPackageVersion="9.2" languagecode="1042" generatedBy="CrmLive" xmlns:xsi="http://www.w3.org/2001/XMLSchema-instance">
  <SolutionManifest>
    <UniqueName>Chapter05</UniqueName>
    <LocalizedNames>
      <LocalizedName description="Chapter 05" languagecode="1042" />
    </LocalizedNames>
    <Descriptions />
    <Version>1.0.0.0</Version>
    <Managed>0</Managed>
    <Publisher>
      <UniqueName>yunseo</UniqueName>
      <LocalizedNames>
        <LocalizedName description="하윤서" languagecode="1042" />
      </LocalizedNames>
      <Descriptions />
      <EMailAddress xsi:nil="true"></EMailAddress>
      <SupportingWebsiteUrl xsi:nil="true"></SupportingWebsiteUrl>
      <CustomizationPrefix>sp</CustomizationPrefix>
      <CustomizationOptionValuePrefix>12653</CustomizationOptionValuePrefix>
      <Addresses>
        <Address>
          <AddressNumber>1</AddressNumber>
          <AddressTypeCode>1</AddressTypeCode>
          <City xsi:nil="true"></City>
          <County xsi:nil="true"></County>
          <Country xsi:nil="true"></Country>
          <Fax xsi:nil="true"></Fax>
          <FreightTermsCode xsi:nil="true"></FreightTermsCode>
          <ImportSequenceNumber xsi:nil="true"></ImportSequenceNumber>
          <Latitude xsi:nil="true"></Latitude>
          <Line1 xsi:nil="true"></Line1>
          <Line2 xsi:nil="true"></Line2>
          <Line3 xsi:nil="true"></Line3>
          <Longitude xsi:nil="true"></Longitude>
          <Name xsi:nil="true"></Name>
          <PostalCode xsi:nil="true"></PostalCode>
          <PostOfficeBox xsi:nil="true"></PostOfficeBox>
          <PrimaryContactName xsi:nil="true"></PrimaryContactName>
          <ShippingMethodCode>1</ShippingMethodCode>
          <StateOrProvince xsi:nil="true"></StateOrProvince>
          <Telephone1 xsi:nil="true"></Telephone1>
          <Telephone2 xsi:nil="true"></Telephone2>
          <Telephone3 xsi:nil="true"></Telephone3>
          <TimeZoneRuleVersionNumber xsi:nil="true"></TimeZoneRuleVersionNumber>
          <UPSZone xsi:nil="true"></UPSZone>
          <UTCOffset xsi:nil="true"></UTCOffset>
          <UTCConversionTimeZoneCode xsi:nil="true"></UTCConversionTimeZoneCode>
        </Address>
        <Address>
          <AddressNumber>2</AddressNumber>
          <AddressTypeCode>1</AddressTypeCode>
          <City xsi:nil="true"></City>
          <County xsi:nil="true"></County>
          <Country xsi:nil="true"></Country>
          <Fax xsi:nil="true"></Fax>
          <FreightTermsCode xsi:nil="true"></FreightTermsCode>
          <ImportSequenceNumber xsi:nil="true"></ImportSequenceNumber>
          <Latitude xsi:nil="true"></Latitude>
          <Line1 xsi:nil="true"></Line1>
          <Line2 xsi:nil="true"></Line2>
          <Line3 xsi:nil="true"></Line3>
          <Longitude xsi:nil="true"></Longitude>
          <Name xsi:nil="true"></Name>
          <PostalCode xsi:nil="true"></PostalCode>
          <PostOfficeBox xsi:nil="true"></PostOfficeBox>
          <PrimaryContactName xsi:nil="true"></PrimaryContactName>
          <ShippingMethodCode>1</ShippingMethodCode>
          <StateOrProvince xsi:nil="true"></StateOrProvince>
          <Telephone1 xsi:nil="true"></Telephone1>
          <Telephone2 xsi:nil="true"></Telephone2>
          <Telephone3 xsi:nil="true"></Telephone3>
          <TimeZoneRuleVersionNumber xsi:nil="true"></TimeZoneRuleVersionNumber>
          <UPSZone xsi:nil="true"></UPSZone>
          <UTCOffset xsi:nil="true"></UTCOffset>
          <UTCConversionTimeZoneCode xsi:nil="true"></UTCConversionTimeZoneCode>
        </Address>
      </Addresses>
    </Publisher>
    <RootComponents>
      <RootComponent type="29" id="{0e9b8c43-c47a-ed11-81ad-000d3a856b2c}" behavior="0" />
      <RootComponent type="29" id="{109b8c43-c47a-ed11-81ad-000d3a856b2c}" behavior="0" />
      <RootComponent type="29" id="{149b8c43-c47a-ed11-81ad-000d3a856b2c}" behavior="0" />
      <RootComponent type="29" id="{169b8c43-c47a-ed11-81ad-000d3a856b2c}" behavior="0" />
    </RootComponents>
    <MissingDependencies>
      <MissingDependency>
        <Required type="372" schemaName="sp_nhn-20cloud-20messages" displayName="NHN Cloud Messages" solution="Active" id="{8072098e-0a5e-41d3-93a0-ed8fca6b82d8}" />
        <Dependent type="29" displayName="간담회 당일 리마인더" id="{0e9b8c43-c47a-ed11-81ad-000d3a856b2c}" />
      </MissingDependency>
      <MissingDependency>
        <Required type="372" schemaName="sp_nhn-20cloud-20messages" displayName="NHN Cloud Messages" solution="Active" id="{8072098e-0a5e-41d3-93a0-ed8fca6b82d8}" />
        <Dependent type="29" displayName="간담회 초대" id="{109b8c43-c47a-ed11-81ad-000d3a856b2c}" />
      </MissingDependency>
      <MissingDependency>
        <Required type="372" schemaName="sp_nhn-20cloud-20messages" displayName="NHN Cloud Messages" solution="Active" id="{8072098e-0a5e-41d3-93a0-ed8fca6b82d8}" />
        <Dependent type="29" displayName="간담회 참석 확인" id="{149b8c43-c47a-ed11-81ad-000d3a856b2c}" />
      </MissingDependency>
      <MissingDependency>
        <Required type="372" schemaName="sp_nhn-20cloud-20messages" displayName="NHN Cloud Messages" solution="Active" id="{8072098e-0a5e-41d3-93a0-ed8fca6b82d8}" />
        <Dependent type="29" displayName="미응답 학부모 대상 독려" id="{169b8c43-c47a-ed11-81ad-000d3a856b2c}" />
      </MissingDependency>
      <MissingDependency>
        <Required type="372" schemaName="sp_nhn-20cloud-20messages" displayName="NHN Cloud Messages" solution="Active" id="{8072098e-0a5e-41d3-93a0-ed8fca6b82d8}" />
        <Dependent type="connectionreference" displayName="sp_sharedsp5fnhn20cloud20messages5fe19dc72affb3d4d7_8e055" id.connectionreferencelogicalname="sp_sharedsp5fnhn20cloud20messages5fe19dc72affb3d4d7_8e055" />
      </MissingDependency>
    </MissingDependencies>
  </SolutionManifest>
</ImportExportXml>